filename,line_number,orig_segments,trans_segments,orig_text,trans_text
adv_cidol-amao-3-000_01.txt,6,2,1,麻央先輩、相談に乗ってくださって\nありがとうございました！,麻央学姐，谢谢你愿意听我商量！
adv_cidol-amao-3-000_01.txt,13,2,1,なに、先輩として\n当然のことをしたまでさ。,没什么，这只是作为学姐应尽的责任。
adv_cidol-amao-3-000_01.txt,86,2,1,この楽曲は、\n可愛くて、カッコイイ――,这首曲子既可爱又帅气——
adv_cidol-amao-3-001_01.txt,162,2,1,プロデューサーは、\nなにか思いつきますか？,制作人有什么好主意吗？
adv_cidol-amao-3-001_02.txt,193,2,1,いっそのこと、\n全部のせにしようかなって。,干脆全都实现好了。
adv_cidol-amao-3-002_01.txt,36,2,1,それで、新たなファンの方々も\n増えてきたところで、,随着新粉丝不断增加，
adv_cidol-amao-3-002_01.txt,83,2,1,最高にカッコいいボクを\n見せてあげますよ。,最帅气的一面给大家看。
adv_cidol-amao-3-002_01.txt,88,2,1,はい。本来の可憐さを十分に\n表現できるようになったからこそ、,好的。
adv_cidol-amao-3-002_02.txt,45,2,1,……ああ、木の上に\n引っかかってしまったんだね。,...啊，挂到树上了是吧。
adv_cidol-amao-3-002_02.txt,276,2,1,……ん、わかった。\nそれじゃ、お願いするよ。,...嗯，知道了。
adv_cidol-amao-3-002_03.txt,30,2,1,えー。なんでも頼んでいいって\n言ったのに……,诶～明明说什么都可以点的...
adv_cidol-amao-3-002_03.txt,61,2,1,アンケートって、なんだか\n緊張しますよね。ええっと……,每次看问卷都莫名紧张呢...嗯...
adv_cidol-amao-3-002_03.txt,69,2,1,麻央ちゃん、ライブ、\nとーってもよかったです！,"""麻央酱的live超级棒！"""
adv_cidol-amao-3-002_03.txt,146,2,1,ええっと……\nたしかに猫は探しましたけど。,呃...确实找过猫...
adv_cidol-amao-3-007_02.txt,24,2,1,それはもう、\n憧れの楽曲ですからね。,那可是我向往已久的歌曲呢。
adv_cidol-amao-3-007_02.txt,81,2,1,レッスンパートナーを\n付けましょう。,给你安排个练习搭档吧。
adv_cidol-amao-3-007_02.txt,94,2,1,経験者って――\nもしかして、星南会長？,原唱...难道说是星南会长？
adv_cidol-amao-3-007_02.txt,154,2,1,麻央さんは振り付けを\nほぼマスターしていますが、,虽然麻央已经基本掌握了动作，
adv_cidol-amao-3-007_03.txt,39,2,1,憧れの『Campus mode!!』を\n歌えるなんて――,演唱憧憬已久的《Campus mode!!》——
adv_cidol-amao-3-007_03.txt,108,3,2,『Campus mode!!』は、\n先輩たちの想いを\n受け継いできた楽曲だから、,因为《Campus mode!!》是\n传承了前辈们心意的歌曲，
adv_cidol-amao-3-007_03.txt,121,2,1,今日のステージに足を運んで\nくれたファンの中にも、,今天来看演出的粉丝里，
adv_cidol-amao-3-007_03.txt,129,3,2,『Campus mode!!』を\n着ることになる子が\nいるかもしれませんね。,穿上《Campus mode!!》\n的演出服呢。
adv_cidol-amao-3-009_01.txt,52,2,1,ボクには似合わないって、\n思うようになって――,开始觉得不适合我——
adv_cidol-amao-3-009_02.txt,37,2,1,すぐに繕えるように\nしておかなければなりませんから。,必须随时都能立刻修补好。
adv_cidol-amao-3-009_02.txt,109,2,1,そうですね。最適な配置の\nバランスを考えるのは、,是啊。思考最佳摆放的平衡感，
adv_cidol-amao-3-009_02.txt,170,2,1,人形とお芝居ごっこしたりして、\nよく遊んでましたね。,拿着人偶玩过家家。
adv_cidol-amao-3-009_03.txt,37,2,1,ありがとう。今日はめいっぱい、\n楽しんでいってね。,谢谢。今天要尽情享受哦。
adv_cidol-fktn-3-000_02.txt,164,2,1,納得できない？　じゃあ、\nもう少し言わせてもらうけど。,还不明白？那我再说清楚点。
adv_cidol-fktn-3-000_02.txt,211,2,1,でしょ？　なら、\n曲にシンクロできない理由は明らかね。,对吧？那问题就很明显了。
adv_cidol-fktn-3-000_03.txt,46,2,1,幾つかのハードルを\n越える必要があるのですが。,需要跨越几道门槛。
adv_cidol-fktn-3-000_03.txt,53,2,1,このために学園に入った\nまでありますよあたし！,我就是为了这个才进学院的啊！
adv_cidol-fktn-3-000_03.txt,136,2,1,それで、あたしのグッズとかＣＤとか\nいっぱい買ってもらって！,然后买爆我的周边和CD！
adv_cidol-fktn-3-001_01.txt,79,2,1,申し訳ない気持ちに\nなったりしてたんです。説明おわり。,陷入自我反省的情绪里。说明完毕。
adv_cidol-fktn-3-001_01.txt,140,2,1,あたしのライブに\n来てくれた人たちなんです。,来看我演唱会的观众啊。
adv_cidol-fktn-3-001_02.txt,139,3,2,なんとか本音を知りたかったので、\n一人ひとり、調べられるだけ\n調べました。,为了探知真实想法，\n我尽可能逐个进行了调查。
adv_cidol-fktn-3-001_03.txt,167,2,1,それ、インタビューでは\n絶対に言わないでくださいね。,这个...请千万别在采访里说。
adv_cidol-fktn-3-006_02.txt,28,2,1,一方で、ファンにイベントを\n楽しんでもらおうとするなら――,反过来想，要让粉丝享受活动的话——
adv_cidol-fktn-3-006_03.txt,19,3,2,もうすこし進むと、\n有名なイルミネーションスポットが\n見えてきますよ。,再往前走一点\n就能看到著名的灯光秀景点哦。
adv_cidol-fktn-3-007_01.txt,14,2,1,プロデューサーからの\n熱烈なアプローチっ――,制作人先生热情的示好方式——
adv_cidol-fktn-3-007_01.txt,22,2,1,お～、自らハードルを\n上げましたね……？,哦～主动提高难度了呀……？
adv_cidol-fktn-3-007_01.txt,35,2,1,ウワーッ！　\nこ、これッ――もしかして！,哇啊啊！这、这是——难道说！
adv_cidol-fktn-3-007_01.txt,98,2,1,『<r\=スペシャル>特別な</r>ファンサ』を\n身につけましょう。,"来掌握""特别版粉丝互动""吧。"
adv_cidol-fktn-3-007_02.txt,370,2,1,またカッコつけて謎めいた\n言い方するぅ～。,又开始装酷说些故弄玄虚的话～
adv_cidol-hrnm-3-000_01.txt,135,2,1,そうです。なので、もっとイメージの\n解像度を上げるために、,没错。所以为了更明确意象方向，
adv_cidol-hrnm-3-000_01.txt,141,2,1,ざっとでいいので、素直な気持ちを、\nノートに書いてみてください。,简单直率地写在笔记本上。
adv_cidol-hrnm-3-000_01.txt,153,2,1,それは、はい。\nプロデューサーですので。,是的。毕竟我是制作人。
adv_cidol-hrnm-3-000_01.txt,164,2,1,……う、うん、わかったよ。\nきみに見られるのは恥ずかしいけど、,……好、好吧。虽然被你看到会很害羞，
adv_cidol-hrnm-3-000_02.txt,84,2,1,必ずしも経験が必要なわけでは\nないと思いますが――,倒不一定非要有实际经验——
adv_cidol-hrnm-3-001_03.txt,161,2,1,か、からかわないで頂けると\n助かるのですが……,请、请不要捉弄我了...
adv_cidol-hrnm-3-002_01.txt,159,2,1,うん。日頃レッスンを\n頑張ってるご褒美。,嗯。作为每天努力训练的奖励。
adv_cidol-hrnm-3-002_03.txt,19,2,1,んん～っ、歌うのって、\nやっぱり楽しいっ♪,嗯～果然唱歌最开心了♪
adv_cidol-hrnm-3-002_03.txt,23,2,1,姫崎さんは、本当に\n楽しそうに歌いますね。,姬崎小姐唱歌时的样子看起来真的很享受呢
adv_cidol-hrnm-3-002_03.txt,28,2,1,もともと、私がアイドルになろうって\n思ったきっかけは――,其实我想成为偶像的契机啊——
adv_cidol-hrnm-3-002_03.txt,32,2,1,小さい頃に観た、\nお歌のお姉さんだからね。,是因为小时候很喜欢电视里唱歌的大姐姐
adv_cidol-hrnm-3-002_03.txt,36,2,1,もちろん、ステージで歌うのが\n一番楽しいけど。,虽然现在觉得在舞台上唱歌最开心啦
adv_cidol-hrnm-3-002_03.txt,45,2,1,カラオケで自由気ままに歌うのも、\nすっごく楽しいよ。,不过在卡拉OK随心所欲地唱歌也超级快乐的
adv_cidol-hrnm-3-002_03.txt,53,2,1,レッスンで歌うのは、\nまた違うんだよね。,练习时的感觉又不一样呢
adv_cidol-hrnm-3-002_03.txt,60,2,1,上手く歌おうとか、成長しようとか、\nしっかり声を出そうとか――,要想着唱得更好、要进步、要把气息稳住——
adv_cidol-hrnm-3-002_03.txt,64,2,1,いろいろ考えて歌ってるから、\n楽しむ余裕はちょっとないかも。,要考虑太多事情反而没空享受了
adv_cidol-hrnm-3-002_03.txt,66,2,1,レッスンのときの姫崎さんは、\n本当に真剣ですからね。,因为训练时的姬崎小姐总是特别认真呢
adv_cidol-hrnm-3-002_03.txt,78,2,1,……そっか。ちゃんと、\n見ててくれてたんだ。,……原来如此 你都有好好在看着啊
adv_cidol-hrnm-3-002_03.txt,92,2,1,ほんとはね、ちょっと、\n不安だったんだ。,其实我最近…有点不安
adv_cidol-hrnm-3-002_03.txt,99,2,1,最近、{user}くんと、\nあんまりお話しできてなかったから、,感觉和{user}君好久没好好聊天了
adv_cidol-hrnm-3-002_03.txt,106,2,1,私のこと、ちゃんと\n見てくれてるのかなって。,不知道你还有没有在关注我
adv_cidol-hrnm-3-002_03.txt,117,2,1,きみが私のために頑張って\nくれてることも知ってる。,也明白你一直在为我努力
adv_cidol-hrnm-3-002_03.txt,121,2,1,今日だって、こうして\n時間作ってくれたのに――,今天还特意抽时间陪我——
adv_cidol-hrnm-3-002_03.txt,125,2,1,だけど、もっと見てほしい……なんて、\n思っちゃったんだ。,但还是贪心地想要更多关注...
adv_cidol-hrnm-3-002_03.txt,134,2,1,あ、ご、ごめんね！\nなんか、変なこと言っちゃって、,啊、对、对不起！说了奇怪的话
adv_cidol-hrnm-3-002_03.txt,142,2,1,姫崎さんのこと、しっかり\n見ているつもりで、,一直以为自己有好好关注你
adv_cidol-hrnm-3-002_03.txt,158,2,1,あ、次、{user}くんの\n番だよ。曲入れないと――,啊、下一首轮到{user}君了 要点歌——
adv_cidol-hrnm-3-002_03.txt,168,2,1,今日は姫崎さんの歌を、\nもっと聴いていたいので。,今天想多听听你的歌声
adv_cidol-hrnm-3-002_03.txt,172,2,1,……そっか。えへへ。\nうん、わかったよ。,……这样啊 嘿嘿 嗯 知道了
adv_cidol-hrnm-3-002_03.txt,178,2,1,今日はいっぱいお話しして、\nいっぱい私の歌を聴いてほしいな。,今天要和你多说话 让你多听听我唱歌
adv_cidol-hrnm-3-002_03.txt,210,2,1,莉波お姉さんの膝枕。最近、\nあんまりできてなかったなぁって。,莉波姐姐的膝枕 最近都没机会做呢
adv_cidol-hrnm-3-002_03.txt,217,2,1,いえ、そ……それは、\nこんな場所ですし……,但、但是这种场合...
adv_cidol-hrnm-3-002_03.txt,220,2,1,……今日は私の話、\n聞いてくれるんじゃなかったの？,……说好今天要听我话的呢？
adv_cidol-hrnm-3-002_03.txt,228,2,1,疲れてたら、無理せずに、\n寝ちゃってもいんだよ？,累了的话不用勉强 睡着也没关系哦？
adv_cidol-hrnm-3-002_03.txt,236,2,1,そしたら、昔みたく、\n子守歌を歌ってあげる。,我会像以前那样给你唱摇篮曲
adv_cidol-hrnm-3-002_03.txt,239,2,1,寝ませんよ。あなたの話を聞くと、\n約束したので。,不会睡的 说好要听你说话的
adv_cidol-hrnm-3-004_01.txt,41,2,1,すみません、驚かせるつもりは\nなかったのですが……,抱歉，我不是故意要吓你的……
adv_cidol-hrnm-3-004_02.txt,143,2,1,そうですね。\nではまた、別の機会に。,是啊。
adv_cidol-hrnm-3-007_02.txt,180,2,1,お姉さんタイプの素質が\nあることには気付いていたけれど、,我早就注意到你具备姐姐型的潜质，
adv_cidol-hrnm-3-007_02.txt,184,2,1,こんなふうに、自然な形で\n引き出すことはできなかったわね。,但没想到能用这么自然的方式展现出来呢。
adv_cidol-hrnm-3-007_02.txt,191,2,1,プロデューサーを目指す身として、\n不明を恥じるわ。,作为立志成为制作人的我，实在感到惭愧。
adv_cidol-hrnm-3-007_02.txt,204,2,1,{user}くんが、\n私の弟になるんです。,因为{user}君要当我的弟弟嘛。
adv_cidol-hrnm-3-007_02.txt,219,2,1,私がお姉さんになって、\n素の魅力を引き出す訓練で――,通过让我扮演姐姐的角色，来激发最自然的魅力——
adv_cidol-hrnm-3-007_02.txt,230,2,1,ど、独特のプロデュースを\nしているようね……,还、还真是独特的培育方式啊……
adv_cidol-hrnm-3-007_02.txt,236,2,1,あとでくわしく聞かせて\nもらうことにするわ。,待会儿你要详细给我解释清楚。
adv_cidol-hrnm-3-007_02.txt,256,2,1,少し厳しいレッスンになると思うけど、\n覚悟してね。,接下来的训练可能会很严格，要做好心理准备。
adv_cidol-hrnm-3-007_02.txt,275,2,1,違うわ。つま先はこう、\n指は美しく伸ばして――,不对。脚尖要这样，手指要优雅地伸展——
adv_cidol-hrnm-3-007_02.txt,288,2,1,もっとよ。こう、翼のように、\n飛び立つハチドリのように――,还不够。要像这样，如展翅的蜂鸟般轻盈——
adv_cidol-hrnm-3-007_02.txt,295,2,1,……～～～っ！\nわ、わかりましたぁ……！,……～～～！明、明白了……！
adv_cidol-hrnm-3-007_02.txt,302,2,1,莉波、次のステップに移るときは、\nメリハリを意識して！,莉波，切换动作时要注意节奏感！
adv_cidol-hrnm-3-007_02.txt,310,2,1,違うわ。まだ頭で考えてる！\n動作を身体に叩き込んで！,不对！还在用脑子想！要让身体记住动作！
adv_cidol-hrnm-3-007_02.txt,325,2,1,（こ、こんなに厳しい\n　星南会長、初めて……）,（第一次见到这么严厉的星南会长……）
adv_cidol-hrnm-3-007_02.txt,328,2,1,（でも、なんだか嬉しいな。\n　会長に厳しくされるの……）,（但不知为什么有点开心，被会长严格要求的感觉……）
adv_cidol-hrnm-3-007_02.txt,332,2,1,（昔の私だったら、きっと、\n　優しくされてたから……）,（换作以前的我，会长一定会温柔对待吧……）
adv_cidol-hrnm-3-007_02.txt,342,2,1,……ふぅ。伝えるべきことは、\n全部伝えたわ。,……呼。
adv_cidol-hrnm-3-007_02.txt,355,2,1,はい、会長。\nありがとうございました！,是，会长！非常感谢！
adv_cidol-hrnm-3-007_02.txt,363,2,1,厳しい指導でしたが、\nなにか掴めましたか？,虽然指导很严格，但有什么收获吗？
adv_cidol-hrnm-3-007_02.txt,364,2,1,――うん。伝わった。\n星南会長の大切にしていること。,——嗯。我感受到了。星南会长最重视的东西。
adv_cidol-hrnm-3-007_02.txt,377,2,1,『Campus mode!!』を\n身に着けた、初星の先輩たちの想い、,那些掌握《Campus mode!!》的初星前辈们的信念，
adv_cidol-hrnm-3-007_02.txt,380,2,1,しっかり受け取って、\nステージに上がるよ。,我会好好继承，然后站上舞台的。
adv_cidol-hrnm-3-007_03.txt,138,2,1,デザイナーさんに\n提出しただけです。,提交给设计师而已。
adv_cidol-hrnm-3-007_03.txt,193,3,2,ずっと憧れてた\n『Campus mode!!』の衣装を\n着られるなんて――,能穿上一直憧憬的\n『Campus mode!!』服装——
adv_cidol-hrnm-3-008_01.txt,168,2,1,……うーん、悩みってほどじゃ\nないんだけどね。,……唔，算不上烦恼啦。
adv_cidol-hrnm-3-008_01.txt,207,2,1,プロデューサーさんに\n渡すチョコだよ。,这是送给制作人先生的巧克力啦。
adv_cidol-hrnm-3-008_01.txt,211,2,1,ほ、ほら、日頃からすごく\nお世話になってるから――,你、你看，平时受到那么多照顾——
adv_cidol-hrnm-3-008_01.txt,291,2,1,（ど、どんなことを\n書けばいいの～？）,（到、到底该写些什么好呢～？）
adv_cidol-hrnm-3-008_02.txt,195,2,1,それで、打ち合わせの件\nなのですが――,关于接下来要商量的事——
adv_cidol-hrnm-3-008_03.txt,33,3,2,（……{user}くん、\nチョコをくれる人は\nいるって言ってたけど）,（……{user}君说过\n会有人送你巧克力来着）
adv_cidol-hrnm-3-008_03.txt,210,3,2,はいっ、バレンタインのチョコ、\n{user}くんに\nあげますっ！,给、给你情人节巧克力\n送给{user}君的！
adv_cidol-hrnm-3-008_03.txt,243,2,1,あの、これはお返し\nというわけではないのですが。,这个虽然不能算回礼……
adv_cidol-hski-3-001_01.txt,169,2,1,ところで……プロデューサーさんの\nことだけど……,话说回来……关于制作人先生的事……
adv_cidol-hski-3-001_03.txt,17,2,1,プロデューサーってば、まだわたしの\nことを諦めていなかったのね。,原来制作人你...还没有放弃我呀。
adv_cidol-hski-3-002_01.txt,13,2,1,……咲季さんが想像している\nようなものではなく。,……不是咲季你想的那种比试。
adv_cidol-hski-3-002_01.txt,24,2,1,アイドルに夏休みはないと、\nよく言われています。,常有人说偶像没有暑假可言。
adv_cidol-hski-3-002_01.txt,34,2,1,授業がないぶん、自由時間は\n増えるけど……,虽然不用上课自由时间变多了...
adv_cidol-hski-3-002_01.txt,40,2,1,きちんと計画を立てなくちゃ、\n乗り切れないわ。,但不制定好计划的话会撑不下去的。
adv_cidol-hski-3-002_01.txt,42,2,1,アイドル活動のスケジューリングは\nお任せください。,偶像活动的行程安排就交给我吧。
adv_cidol-hski-3-002_01.txt,43,2,1,勝負に使うのは、夏休み中の\n休養計画です。,我们要比的是暑假期间的休息计划。
adv_cidol-hski-3-002_01.txt,51,2,1,咲季さんらしい過ごし方で、\nとても心強いのですが。,很有咲季的风格，很让人放心。
adv_cidol-hski-3-002_01.txt,90,2,1,ところで……もちろん計画の実践には、\nあなたが付き合ってくれるのよね。,话说...你当然会陪我实践这个计划吧？
adv_cidol-hski-3-002_01.txt,105,2,1,一緒に休日を過ごすに\n決まっているじゃない！,当然要一起度过假期啊！
adv_cidol-hski-3-006_03.txt,170,2,1,こんなに素敵なアイドルがいたなんて、\nと思わせてやりましょう。,"让他们惊呼""原来还有这么棒的偶像存在""。"
adv_cidol-hski-3-008_01.txt,101,3,2,初星学園伝統の衣装と楽曲で、\n『N.I.A』を勝ち抜いて\nいきましょう！,让我们用初星学园传承的服装与歌曲，\n在『N.I.A』中大放异彩吧！
adv_cidol-hski-3-008_01.txt,171,3,2,『Campus mode!!』の\nアイドルたちが、\n可愛くて素敵だったから～～～♡,因为《Campus mode!!》的\n偶像们实在太可爱太耀眼了～～～♡
adv_cidol-hski-3-008_02.txt,37,2,1,アイドルの衣装を戦闘服と呼ぶのは\nやめましょうね。それに……,请不要把偶像服装叫做战斗服。而且...
adv_cidol-hski-3-008_02.txt,127,2,1,全校生徒、わたしに憧れさせて\nやるんだから！,让全校学生都迷上我！
adv_cidol-hski-3-008_03.txt,56,2,1,はじめてファンレターを\n読んだ日のこと。,第一次读到粉丝来信那天。
adv_cidol-hski-3-008_03.txt,141,2,1,みんなにわたしを好きに\nなってもらわなくちゃ。,喜欢上我才行。
adv_cidol-hski-3-011_01.txt,93,2,1,あなたをプロデュースさせて\nください――って。,"""请让我来培育你""——"
adv_cidol-hski-3-011_01.txt,168,2,1,そんな不屈のアイドルを\n育てたいと思ったんです。,我想培育的正是这样不屈不挠的偶像。
adv_cidol-hski-3-011_01.txt,255,2,1,わたしをプロデュースしたいと\n言ってくれたからよ。,却依然说要培育我。
adv_cidol-hski-3-011_03.txt,70,2,1,思った瞬間に言ってしまっている\nような気がしますよ。,感觉想到什么就会直接说出来呢。
adv_cidol-hski-3-011_03.txt,86,2,1,であれば、いざ腹を割って話しましょう\nと、なっても……,所以就算说要推心置腹地交流...
adv_cidol-hski-3-011_03.txt,164,2,1,お礼に、お昼はわたしの手料理を\nごちそうしてあげる！,作为谢礼，中午请让我亲手为你做饭吧！
adv_cidol-hume-3-000_01.txt,115,2,1,希望どおりの曲を\n用意してくれるなんて……,就准备好符合心意的曲子……
adv_cidol-hume-3-005_02.txt,103,2,1,なるべく自分たちの力だけで……\nというのは？,尽量靠自己的力量...怎么说？
adv_cidol-hume-3-006_01.txt,97,2,1,佑芽さんにはこれを\n習得してもらいます。,希望佑芽能学会这首歌。
adv_cidol-hume-3-006_01.txt,158,3,2,『Campus mode!!』を\n習得する――\nこれが『N.I.A』対策です。,学会《Campus mode!!》——\n这就是对付《N.I.A》的对策。
adv_cidol-hume-3-006_02.txt,4,2,1,佑芽さん。以前、こう言ったのを\n覚えていますか？,佑芽小姐，还记得以前说过的话吗？
adv_cidol-hume-3-006_02.txt,10,2,1,このままアイドルとしての数値を\n積み上げて――,就这样不断积累作为偶像的各项数值——
adv_cidol-hume-3-006_02.txt,11,2,1,無敵の咲季さんを\nすり潰してやりましょう、と。,把无敌的咲季小姐彻底击溃。
adv_cidol-hume-3-006_02.txt,109,2,1,では、元気にリベンジと\nいきましょうか。,那就打起精神开始复仇吧。
adv_cidol-hume-3-006_02.txt,192,2,1,いったいそれは、\nどういったものなのでしょう？,那究竟是什么能力呢？
adv_cidol-hume-3-006_03.txt,199,2,1,きっと今日のライブを見ていますもの。\nしっかりやらなくては。,我必须好好表现才行。
adv_cidol-jsna-3-000_03.txt,14,2,1,新曲のレッスンに\n付きあってもらったの。,还让大家陪我练习了新曲的课程。
adv_cidol-jsna-3-000_03.txt,115,2,1,掛ける言葉は、\nほんとうにそれでいいのかしら？,真的没问题吗？
adv_cidol-jsna-3-002_01.txt,63,3,2,『N.I.A』で\n『Campus mode!!』を歌う\n生徒たちを支援することにもなる。,自然也会支持在『N.I.A』中\n演唱『Campus mode!!』的学员们。
adv_cidol-jsna-3-002_01.txt,107,2,1,果たして追いつけるだろうかと\n悩むことがあります。,也会担心自己到底能不能追赶上他们。
adv_cidol-jsna-3-002_01.txt,111,2,1,……あなたでも、\nそんなことがあるのね。,......没想到连你也会有这种烦恼。
adv_cidol-jsna-3-002_02.txt,217,2,1,ふたりが険悪な会話をしているところ、\n何度も見たもの。,经常看到他们针锋相对地交谈。
adv_cidol-jsna-3-002_03.txt,16,2,1,ここにもひとり、\nわくわくしているファンがいますよ。,这里也有位兴奋不已的粉丝哦。
adv_cidol-jsna-3-003_02.txt,13,2,1,私の生配信を\n観てくれてありがとう。,谢谢大家来看我的直播。
adv_cidol-jsna-3-003_02.txt,23,2,1,バレンタインチョコレートの\n手作り配信をしていくわ。,为大家直播手工制作情人节巧克力哦。
adv_cidol-jsna-3-003_02.txt,52,2,1,いつも厳しい彼女が、いったいどんな\n可愛いチョコレートを作るのか――,向来严厉的她究竟会做出怎样可爱的巧克力呢——
adv_cidol-jsna-3-003_02.txt,178,2,1,作ればいいのだろう？　\nバレンタインのチョコレートとやらを。,不就是做个情人节巧克力吗？
adv_cidol-jsna-3-003_02.txt,211,2,1,そうねえ……燕、あなたはどんな人が\n好みのタイプかしら？,我想想...燕喜欢什么类型的人呢？
adv_cidol-jsna-3-003_02.txt,233,2,1,あなたのしっかり仕事を果たそうとする\n姿勢、いいと思うわ。,我很欣赏你认真负责的工作态度哦。
adv_cidol-jsna-3-003_02.txt,249,2,1,融通が利かない私を\n補ってくれるような者。,能弥补我不知变通的缺点。
adv_cidol-kcna-3-000_01.txt,67,2,1,まるで偽物のアイドルみたいなことを\n言わないでください。,"请不要说""简直像是""这种话。"
adv_cidol-kcna-3-002_02.txt,102,2,1,ぜひ、アドバイスなど\nいただけたらとっ。,还请各位多多指教……
adv_cidol-kcna-3-002_02.txt,117,2,1,わたしよりも適任が\nいるかもしれません。,或许有比我更合适的人选呢。
adv_cidol-kcna-3-005_01.txt,214,2,1,色んなひとに、お世話になってる。\n千奈の気持ち……わかるよ。,
adv_cidol-kcna-3-005_02.txt,185,2,1,も、もう……話の腰を\n折らないでくださいませ。,别、别打岔啦……
adv_cidol-kcna-3-007_02.txt,226,2,1,すべてチェックしたと思って\nおりましたが！,全都看过一遍了呢！
adv_cidol-kcna-3-007_02.txt,314,2,1,すべての初星アイドルの想いが\n込められているのです。,初星学园偶像们的心意。
adv_cidol-kcna-3-009_01.txt,24,3,2,倉本さんの予定には、いくつかの\n『ひな祭りパーティー』が\nありましたね。,在仓本小姐的日程安排中，\n有好几个『女儿节派对』呢。
adv_cidol-kcna-3-009_01.txt,41,2,1,かしこまりました。もちろん、\nアイドルとしてのお仕事ですもの。,明白了。既然是偶像的工作，
adv_cidol-kcna-3-009_01.txt,47,2,1,決して失敗してはならない\nライブですわ。,这场演出绝对不容有失。
adv_cidol-kcna-3-009_01.txt,51,2,1,ですけれど、先生。ほんのすこしだけ、\n肩の力を抜いてくださいませ。,不过老师，请您稍微放松些吧。
adv_cidol-kcna-3-009_01.txt,70,2,1,アイドルとしてライブができるだけの\n実力が付いてきましたので。,拥有了作为偶像登台的实力。
adv_cidol-kcna-3-009_01.txt,88,2,1,サロンとしての性質を持った\nパーティーではありませんわ。,带有社交沙龙性质的那种派对。
adv_cidol-kcna-3-009_01.txt,112,2,1,『倉本本邸でパーティーをする』\nというものがありましたね。,『在本家举办派对』的安排呢。
adv_cidol-kcna-3-009_01.txt,119,2,1,はい……とってもお忙しい方々ばかり\nですのに……いつだって、,是的......虽然大家都很忙碌......
adv_cidol-kcna-3-009_01.txt,123,2,1,わたくしとの時間を\n優先してくださいますの。,但总会优先腾出与我相处的时间。
adv_cidol-kcna-3-009_01.txt,128,2,1,そこには常に『倉本千奈ファースト』\nの精神があります。,但始终贯彻着『仓本千奈优先』的精神。
adv_cidol-kcna-3-009_01.txt,131,2,1,先生。わたくし、\n最初にお伝えしましたわ。,老师，我之前也说过吧？
adv_cidol-kcna-3-009_01.txt,149,2,1,うふふ……わたくしも皆さんのことが、\n大好きですわ。,呵呵......我也深爱着大家呢。
adv_cidol-kcna-3-009_02.txt,184,2,1,それがどれだけ、\nリスクのある行為だったか……,那是多么冒险的...
adv_cidol-kcna-3-009_03.txt,92,2,1,長年、厳しいレッスンを積んできた\nわけではありませんもの。,经历过多年严苛的训练。
adv_cidol-kcna-3-009_03.txt,127,2,1,そこまで高評価を\nいただいてしまっては……,得到这么高的评价......
adv_cidol-kcna-3-009_03.txt,159,2,1,すべてのファンに対して、\n公平なのがアイドル。ですが……,偶像应该公平对待所有粉丝。但是......
adv_cidol-kllj-3-000_03.txt,18,2,1,みんな葛城さんの新曲を\n楽しみにしているんですよ。,大家都很期待葛城小姐的新曲呢。
adv_cidol-kllj-3-001_02.txt,172,2,1,そうすれば、\nはぐれることはないですから。,这样就不会走散了。
adv_cidol-kllj-3-005_02.txt,145,3,2,わたし、昔から\n『ふわっとブレザーつむじちゃん』って\nいうアニメが好きで……,我从小就特别喜欢\n《轻飘飘西服小旋涡》这部动画……
adv_cidol-kllj-3-005_03.txt,10,2,0,12月25日。\nクリスマス当日。 hide=true,
adv_cidol-kllj-3-005_03.txt,47,2,1,葛城さんの好きなロボットアニメ\nですね。,是你最喜欢的机器人动画呢。
adv_cidol-kllj-3-005_03.txt,62,2,1,ロボット自体も洗練されたデザインで\nとってもカッコいいんですけど、,虽然机器人本身的设计就很精炼帅气，
adv_cidol-kllj-3-005_03.txt,209,2,1,はい。センパイ、首回りが寒そう\nだったので。,请便。
adv_cidol-kllj-3-010_01.txt,94,2,1,気づいたら、すっかり遅い時間に\nなっちゃってました……。,回过神来已经这么晚了……
adv_cidol-kllj-3-010_01.txt,294,2,1,葛城さん、アイドルに一番必要な才能は\nなんだと思いますか？,葛城同学，你觉得偶像最需要的是什么才能？
adv_cidol-kllj-3-010_02.txt,89,2,1,失礼。盗み聞きをするつもりは\nなかったのですが――,失礼了。虽然没打算偷听——
adv_cidol-shro-3-000_03.txt,102,2,1,そんなわたしを好きになって\nくれる人たちがいるなんて……,这样的我居然会被人喜欢......
adv_cidol-shro-3-000_03.txt,141,2,1,いままでシンプルに\n考えていたことが……,以前简单明了的想法......
adv_cidol-shro-3-000_03.txt,157,2,1,ファンのことを\n考えるようになったんですね。,也开始为粉丝着想了吧。
adv_cidol-shro-3-001_01.txt,79,2,1,頭がいいとは、\n思っていないのでは？,你头脑聪明吧？
adv_cidol-shro-3-001_02.txt,32,2,1,きゅ、急にとんでもない会話が\n始まりましたわ……,突、突然开始了不得了的对话呢......
adv_cidol-shro-3-001_02.txt,70,2,1,えっと……あたしが思う、\n広ちゃんの魅力はね～。,那个......我觉得小广的魅力啊～
adv_cidol-shro-3-001_02.txt,111,3,2,だけどあたし……\n広ちゃんのこと、大好きだよ。\n,但是我......\n最喜欢小广了。
adv_cidol-shro-3-001_02.txt,176,2,1,篠澤さんの\n魅力なのかもしれませんわね。,篠泽小姐的魅力所在呢。
adv_cidol-shro-3-002_02.txt,19,2,1,ホラー映画と、そのメイキング映像など\nも用意しました。,还有恐怖电影和它们的幕后制作花絮。
adv_cidol-shro-3-002_02.txt,76,2,1,なんで先にメイキング映像から\n見せちゃったの？,为什么先给我看幕后花絮啊？
adv_cidol-shro-3-002_02.txt,82,2,1,このあと映画を観ても、\n怖くなくなっちゃうかも。,这样看完电影可能就不觉得可怕了。
adv_cidol-shro-3-002_03.txt,172,2,1,悪戯をされる側の気持ち、\n味わってもらおう。,尝尝被恶作剧的滋味。
adv_cidol-shro-3-002_03.txt,191,2,1,面白くて、幸せな夜を……\nプレゼントする、ね。,送给大家一个有趣又幸福的夜晚吧。
adv_cidol-shro-3-007_01.txt,68,2,1,『Campus mode!!』を\n知っていますか？,你知道《Campus mode!!》吗？
adv_cidol-shro-3-007_01.txt,135,2,1,……色々、込み上げるものが\nあったんです。,……因为百感交集。
adv_cidol-shro-3-007_01.txt,164,3,2,習得には長い時間がかかると思う。\n『N.I.A』で披露するのは\n無理っぽい。,要掌握这首歌需要很长时间\n恐怕赶不上《N.I.A》的演出。
adv_cidol-shro-3-007_02.txt,20,2,1,いまなら……激しいダンスのある曲も\n歌えそうな気がしてきた。,现在的我……感觉连激烈舞蹈的曲子也能唱了。
adv_cidol-shro-3-007_02.txt,161,2,1,どうして超激辛に\nチャレンジしちゃったんです？,为什么要挑战变态辣啊？
adv_cidol-shro-3-008_03.txt,115,2,1,せめて常人並みの握力を手に入れてから\n言ってくださいね。,至少等握力达到普通人水平再说吧。
adv_cidol-ssmk-3-000_02.txt,165,2,1,お客さんにも一緒に踊ってもらう\nつもりなんでしょう？,不是打算让观众也一起跳吗？
adv_cidol-ssmk-3-001_01.txt,48,2,1,あたしは夏服を買いに行こうと\n思ってたんだよね！,我正打算去买夏装呢！
adv_cidol-ssmk-3-001_01.txt,137,2,1,だよね！　あたしもこっちが良いと\n思ってたんだ～♪,对吧！我也觉得这件更好~♪
adv_cidol-ssmk-3-001_01.txt,164,2,1,ウインドウショッピングに\n熱中してしまいましたね……,逛着逛着就入迷了呢......
adv_cidol-ssmk-3-002_02.txt,103,2,1,あなたの本音に惹かれた人間もいる、\nということです。,意思是也有人会被你的真心所吸引。
adv_cidol-ssmk-3-002_03.txt,62,2,1,ファンが清夏さんに抱くイメージからは\n離れた曲になっています。,这首歌偏离了粉丝对清夏的印象。
adv_cidol-ssmk-3-007_02.txt,216,2,1,清夏ちゃんが急に諦めるなんて\n言い出した理由は――,你突然说要放弃的理由——
adv_cidol-ssmk-3-007_02.txt,221,2,1,やっぱり、膝の大怪我に関係する\nことなんだよね？,果然和那次膝盖重伤有关对吧？
adv_cidol-ssmk-3-010_03.txt,425,2,1,清夏ちゃんは、\nそのプロデューサーさんのことが、,清夏酱你啊，
adv_cidol-ttmr-3-001_01.txt,140,2,1,ふっ……プロデューサーが普段、\n私をどう思っているのか。,呵......这下就能知道
adv_cidol-ttmr-3-001_03.txt,73,2,1,（こんなにカッコよく\n映ってるんだ～～～～～～～♡）,（看起来这么帅气～～～～～～～♡）
adv_cidol-ttmr-3-002_01.txt,27,2,1,ハロウィンのステージで歌うことに\nなっていたはずですが。,不是应该参加万圣节演唱会的舞台表演吗？
adv_cidol-ttmr-3-002_01.txt,50,2,1,衣装を自分たちで\n用意しなくちゃいけなくて……,服装必须自己准备...
adv_cidol-ttmr-3-002_01.txt,57,2,1,適当に既製品を用意しようと\n思っていたんですけど……,本来想随便买现成的应付...
adv_cidol-ttmr-3-002_01.txt,89,2,1,もしも当日……手作り衣装が\n用意できなかったら……,要是当天...拿不出亲手做的服装...
adv_cidol-ttmr-3-002_01.txt,130,2,1,プロデューサーが手伝っては\nいけないというルールはない。,没有规定说制作人不能帮忙。
adv_cidol-ttmr-3-002_02.txt,15,2,1,クラスメイトに自慢できる衣装である\nこと。,必须是能让同班同学羡慕的服装。
adv_cidol-ttmr-3-002_02.txt,59,2,1,……自作の衣装でライブをする勇気は\nないんですけど。,......我可没有勇气穿着自制服装上台表演。
adv_cidol-ttmr-3-007_02.txt,25,2,1,その一言で済ませられないほど、\n完成度が高い。――なにか理由が？,这完成度可不是一句简单夸奖就能带过的——有什么特别原因吗？
adv_cidol-ttmr-3-009_01.txt,106,2,1,そういうふうには思ってなくて。\n本当に、たまたまだったんです。,真的只是机缘巧合而已。
adv_cidol-ttmr-3-009_03.txt,99,2,1,私、みっしりした食感の食べ物が\n好きなんですけど。,我本来就喜欢口感扎实的食物，
adv_cidol-ttmr-3-009_03.txt,164,2,1,最初に話そうとしていたエピソードを\n聞きたいのですが。,我想听听原本打算说的故事。
adv_cidol-ttmr-3-009_03.txt,180,2,1,あなたとのエピソード\nばっかり思い浮かぶんです！！,满脑子都是和您有关的回忆！！
adv_csprt-1-0003_02.txt,106,2,1,……あれ？\n……わぁ！ 麻央先輩！,……
adv_csprt-1-0010_02.txt,97,2,1,ありがとうございます。\nそれでは、お願いしてもいいですか？,谢谢夸奖。
adv_csprt-1-0011_02.txt,16,2,1,会長、さっきから熱心に\n新入生の名簿を見てますね。,会长，您从刚才开始就一直在认真看新生名册呢。
adv_csprt-2-0009_01.txt,40,2,1,それに、これを飲んで\nトレーニングすると――,而且喝了这个再训练的话——
adv_csprt-2-0009_02.txt,115,2,1,は？　あなたと……勝負した\nつもりなんて……ない、けど……？,哈？我什么时候...答应要和你比赛了......？
adv_csprt-2-0009_02.txt,121,2,1,ええ～っ？　競争して\nくれてるんじゃなかったの？,诶~？你不是在和我较劲吗？
adv_csprt-2-0012_01.txt,29,3,2,昨日のレッスンって、そんなに\nハードだったでしょうか……\n,昨天的训练课程\n有那么高强度吗……
adv_csprt-2-0012_02.txt,84,2,1,でしたら、丁度そこにベンチも\nありますし……,这样的话，那边正好有长椅……
adv_csprt-2-0013_01.txt,38,2,1,春は、出会いと別れの季節って\n言うけれど――,虽说春天是相遇与离别的季节——
adv_csprt-2-0018_02.txt,40,2,1,（……っ、な、なんなの～！\n　このフィジカルお化け……！）,（……呜、这、这是什么怪物体力……！）
adv_csprt-2-0018_02.txt,120,2,1,ちょっと、無理させちゃったわね。\n悪かったわ。,抱歉啊，是我太勉强你了。
adv_csprt-2-0020_01.txt,150,2,1,声をかけられないように\n気を付けないと。,要小心别被搭讪才行。
adv_csprt-2-0023_02.txt,103,2,1,いつもお世話になっている\nお礼をしたくて……。,想感谢您一直以来的照顾...
adv_csprt-2-0025_02.txt,4,2,1,羽目を外し過ぎている生徒は\nいないわね。,没有学生玩得太过火呢。
adv_csprt-2-0034_01.txt,37,2,1,ええ。どんなにいい\nパフォーマンスをしても、,没错。无论表演多么精彩，
adv_csprt-2-0034_02.txt,116,2,1,茂みになってた知らない\n木の実を食べたりして。,还会摘草丛里不认识的野果来吃。
adv_csprt-2-0035_01.txt,36,3,2,アグリーセーターは、クリスマスに\nちなんだものが編み込まれている\nセーターのこと。,丑毛衣就是织有圣诞元素\n的毛衣。
adv_csprt-2-0039_02.txt,114,3,2,と、とにかく……\n咲季ちゃんは、ダンスやボーカルに\n力を入れがちだけど、,总、总之...\n咲季酱平时总是专注于舞蹈和声乐训练，
adv_csprt-2-0044_01.txt,154,2,1,千奈ぴょんを気に入っていないわけでは\nないのですが――,倒也不是不喜欢千奈兔这个称呼——
adv_csprt-3-0005_01.txt,118,2,1,……まさか、同じ新入生だとは\n思わなかったよ。,......没想到会是同届的新生呢。
adv_csprt-3-0006_03.txt,90,2,1,いいえっ。莉波お姉さまは\nわたくしにとって――,不！莉波姐姐对我而言——
adv_csprt-3-0007_01.txt,5,2,1,（……ううぅ、新入生の入寮の\n歓迎会って聞いてきたけど……）,（……呜、虽然听说这是新生入住的欢迎会……）
adv_csprt-3-0007_01.txt,19,2,1,（……人が大勢いる場所って苦手だな。\n清夏ちゃんもいないし……）,（……但我不太擅长人多的地方。清夏酱也不在……）
adv_csprt-3-0007_01.txt,23,2,1,（……でも、アイドルになるんだから、\n人見知りなんてしてちゃだめ）,（……不过既然要成为偶像，就不能再怕生了）
adv_csprt-3-0007_01.txt,31,2,1,（……～っ、ゆ、勇気を出して、\nだ、誰かに声を……）,（……～呜、鼓、鼓起勇气，找、找个人搭话吧……）
adv_csprt-3-0007_01.txt,47,2,1,――ふわあっ！？\nわ、わたし……ですか？,——哇啊！？是、是在叫我吗？
adv_csprt-3-0007_01.txt,54,2,1,すまない、驚かせてしまったね。\n可憐な花が咲いていたから、,抱歉吓到你了。看到像绽放的鲜花般可爱的你，
adv_csprt-3-0007_01.txt,59,2,1,思わず声をかけてしまったよ。\n飲み物は大丈夫？,忍不住就打招呼了。需要饮料吗？
adv_csprt-3-0007_01.txt,64,2,1,あ、ありがとうございます！\nええっと……,谢、谢谢！那个……
adv_csprt-3-0007_01.txt,71,2,1,ああ、失敬。ボクは3年の有村麻央。\nこの寮の寮長をさせてもらってる。,啊，失礼了。我是三年级的有村麻央，担任宿舍长。
adv_csprt-3-0007_01.txt,79,2,1,セ、センパイ……！\n寮長さん！？,学、学长……！宿舍长！？
adv_csprt-3-0007_01.txt,85,2,1,あ、あの、わたしは、リーリヤ。\n1年の葛城リーリヤです。,那、那个，我是莉莉娅。一年级的葛城莉莉娅。
adv_csprt-3-0007_01.txt,94,2,1,リーリヤ、美しい名前だね。\n海外――北欧の出身かな？,莉莉娅，真是美丽的名字。你是海外——北欧出身吗？
adv_csprt-3-0007_01.txt,100,2,1,は、はい……！\nスウェーデンから来ました。,是、是的……！我从瑞典来的。
adv_csprt-3-0007_01.txt,108,2,1,日本語、まだ上手じゃないですけど、\nよ、よろしくお願いします！,虽然日语还不太好，请、请多指教！
adv_csprt-3-0007_01.txt,111,2,1,よろしく。せっかくの歓迎会だ。\n楽しんでいってくれたまえ。,请多指教。难得有欢迎会，好好享受吧。
adv_csprt-3-0007_01.txt,141,2,1,まるで王子様みたいな、\n素敵なセンパイでした……,简直像王子殿下一样……好棒的学长……
adv_csprt-3-0008_01.txt,36,2,1,あたしたち、似たよーな写真\nたくさん撮ってんね～。,我们拍了好多类似风格的照片呢～
adv_csprt-3-0008_02.txt,51,2,1,ま、そんなとこだろーなって\n思ってたけどさ～。,嘛，我就猜是这样啦～。
adv_csprt-3-0009_01.txt,59,2,1,補習の補習なんてあるんだ。\nはじめて聞いた。,补课的补课还是第一次听说。
adv_csprt-3-0009_02.txt,126,2,1,う～ん、やっぱり広ちゃんの部屋\nって感じ！,唔~果然超有小广的房间特色！
adv_csprt-3-0011_03.txt,103,2,1,すごーく成績の悪いあたしに\n声をかけてくれたんですか？,主动邀请成绩这么差劲的我呢？
adv_csprt-3-0012_03.txt,48,2,1,（一緒にレッスンを\nすることになるなんて――）,（一起上课什么的——）
adv_csprt-3-0013_03.txt,100,2,1,いや……もらえませんよ。\n理由もなく。,不要...无缘无故的票我不能收。
adv_csprt-3-0014_02.txt,36,2,1,相手の動きを自然に\n誘導するテクニックよ。,这是自然引导对方行动的技巧哦。
adv_csprt-3-0016_01.txt,20,2,1,全員、ひとりたりとも\n欠けることなく――,全班同学一个都不能少——
adv_csprt-3-0016_01.txt,54,2,1,あっち、歩いて\n遠ざかっていく人影が。,那边...有个渐渐走远的背影呢。
adv_csprt-3-0019_03.txt,31,2,1,したがって先生をアイドルとして\nプロデュースするならば……,因此如果要培育老师成为偶像的话...
adv_csprt-3-0020_01.txt,34,2,1,友達と呼べるかどうかは\nわかりませんが。,虽然不确定能不能算朋友
adv_csprt-3-0020_03.txt,30,2,1,料理のできない人だと\n勘違いしているようですからね。,不会做饭的人呢。
adv_csprt-3-0021_01.txt,48,2,1,（小降りになるまで\n雨宿りして――……）,（等雨小点再走吧——……）
adv_csprt-3-0021_02.txt,126,2,1,なら、よかった。雷、すごく大きな\n音が鳴っていたから……怖くて。,那就好。刚才雷声特别大......我有点害怕。
adv_csprt-3-0022_02.txt,30,2,1,（どんな時でも、スマートかつ\n　優雅な王子様であるために……ん？）,（无论何时都要保持优雅王子风范...咦？）
adv_csprt-3-0022_02.txt,106,2,1,濡れ鼠のまま職場に行くわけには、\nいかないだろう？,总不能浑身湿透地去工作吧？
adv_csprt-3-0022_03.txt,97,2,1,キミが頑張っているのは\nよくわかるけど、,我知道你很努力，
adv_csprt-3-0023_01.txt,70,2,1,なかなかするような機会は\nないものね。,确实没什么机会呢。
adv_csprt-3-0023_02.txt,92,2,1,ふふ～、お父さんに学園のトレーニング\n設備の自慢をしたら、,呵呵～我跟爸爸炫耀学校的训练设备后，
adv_csprt-3-0023_02.txt,104,2,1,また親子でめんどくさそ～な\nことしてる～！,你们父女又在搞麻烦事～！
adv_csprt-3-0025_01.txt,131,2,1,入り口に『こどもハイキング』\nって書いてあった。,入口写着『儿童远足路线』。
adv_csprt-3-0028_02.txt,141,2,1,まりちゃんと話してる\nって感じがします。,体会到和小毬说话的感觉了。
adv_csprt-3-0034_01.txt,47,2,1,見て見て！　新しい秋物の\nルームウェア買っちゃった。,快看快看！我买了新的秋季家居服哦。
adv_csprt-3-0034_01.txt,90,2,1,私はアロマキャンドルを\nたまに使ってるよ。,我偶尔会用香薰蜡烛哦。
adv_csprt-3-0034_01.txt,104,2,1,本当？\nきっとその香りだね。,真的？肯定是那个香味吧。
adv_csprt-3-0034_01.txt,140,2,1,麻央のそういう面倒見のいいところ\n私、好きだなぁ。,我最喜欢麻央这种会照顾人的地方了。
adv_csprt-3-0037_02.txt,155,2,1,楽しそうにしている場合じゃ\nありませんわ～～～！,现在不是开心的时候啦～～～！
adv_csprt-3-0039_02.txt,95,2,1,はぁ、はぁ、はぁ……！\nあと、ちょっと……！,哈、哈、哈……
adv_csprt-3-0039_03.txt,31,2,1,正直、私のペースについてこられるとは\n思わなかったわ。,说实话，没想到你能跟上我的节奏。
adv_csprt-3-0040_03.txt,56,2,1,……なんだか、もったいないなって\n思ってしまって……。,……总觉得，这样好浪费啊……
adv_csprt-3-0041_01.txt,6,2,1,駅前で、イルミネーションの展示が\n始まっているようね。,车站前好像开始展出彩灯了呢。
adv_csprt-3-0045_01.txt,67,2,1,わかる。わたしも絶望的に歌えなくて\nわくわくしてる。,我懂。我唱歌烂到绝望反而很兴奋。
adv_csprt-3-0045_02.txt,143,2,1,あたしも、人に教えられるくらい\n上手に歌えるようになるぞ～～～っ！,我也要练到能指导别人的程度～～～！
adv_csprt-3-0046_01.txt,41,2,1,指導？　貴様らも3年間、\n練習し続けたのだろう。,指导？你们好歹也持续练习了三年，
adv_csprt-3-0046_02.txt,61,2,1,この曲は初星学園そのものだと\n言っていい。,可以说这首曲子就是初星学园本身的化身。
adv_csprt-3-0046_02.txt,65,2,1,その代の生徒の出来を\n披露することに等しい。,就等于在展示那一届学生的实力。
adv_csprt-3-0046_02.txt,98,2,1,……まあ、貴様は楽にしていても\n構わんぞ。,......不过，你这家伙轻松点也没关系哦。
adv_csprt-3-0046_03.txt,123,2,1,そう……ボクたちは、\n先輩からバトンをもらったんだ。,是啊……我们<br]从前辈那里接过了接力棒。
adv_csprt-3-0050_01.txt,19,2,1,わたくしたちがお友達になった\nばかりの頃も、この公園で……,那时候我们还经常绕路来玩呢~真令人怀念~
adv_csprt-3-0050_02.txt,149,2,1,お互い様ですわ。もしも篠澤さんが\nいらっしゃらなかったら……,彼此彼此。如果没有筱泽小姐的话...
adv_csprt-3-0053_02.txt,107,2,1,お仕事、すごく頑張っていたから、\n30個ほど購入しようとしたのだけど。,本来想买30个支持她的...
adv_csprt-3-0054_03.txt,100,2,1,……これからは<r\=レジェンド>伝説の</r>マンモスさん\nって呼んだ方がいい？,……以后该称呼你传说猛犸象小姐吗？
adv_csprt-3-0054_03.txt,131,2,1,リーリヤは、自分の腕前をあまり\nひけらかしたくないタイプだったのね。,原来莉莉娅是不喜欢炫耀自己实力的类型啊。
adv_csprt-3-0054_03.txt,135,2,1,というより……咲季ちゃんが\n外でわたしをそう呼んで……,倒不如说……要是在外面被你这么叫……
adv_dear_amao_001.txt,141,2,1,キミは小柄で可憐な外見なんだから、\nそんな少年みたいな格好はやめて、,
adv_dear_amao_001.txt,151,2,1,ボクは可愛いアイドルになんて、\nなりたくない。,我才不要当什么可爱偶像。
adv_dear_amao_001.txt,154,2,1,子供の頃から憧れてきたのは、\n歌劇団のスターみたいな、,从小时候起我就一直向往的，是像歌剧团的明星那样，
adv_dear_amao_002.txt,207,2,1,麻央には、\n本当にいつも助けてもらってて、,真的经常受到麻央帮助，
adv_dear_amao_002.txt,267,2,1,ちょっと見せて……\nむ……足を捻ったのか。,让我看看...嗯...脚扭伤了呢。
adv_dear_amao_003.txt,43,2,1,かっこいい王子様になるって、\n決めたんです。,成为帅气的王子。
adv_dear_amao_003.txt,208,2,1,……っ！？\nなっ――――――,……！？
adv_dear_amao_004.txt,134,2,1,学園のトップアイドルたちのことを、\n思い出してください。,请回想一下学院里的顶级偶像们。
adv_dear_amao_004.txt,136,2,1,それだけでトップに立っている人は、\nひとりもいないはずです。,是不可能站上顶峰的。
adv_dear_amao_004.txt,175,2,1,……わかりました。\nなってみせますよ。,……我明白了。
adv_dear_amao_007.txt,62,2,1,ありがとうございます。\nプロデューサーのおかげです。,都是托制作人的福。
adv_dear_amao_007.txt,135,2,1,本当は、お砂糖もミルクも、\nたっぷり入れたいし、,其实我更喜欢多加糖和奶，
adv_dear_amao_012.txt,144,2,1,SNSや動画での拡散も、\nこちら側が発信するよりも、,在SNS和视频平台的传播方面，
adv_dear_amao_012.txt,332,2,1,キミはまだ1年生なんだから、\n無理はせずに――,你才一年级，不要太勉强——
adv_dear_amao_012.txt,550,2,1,今日はたしか、アルバイトの日\nじゃなかった？,今天不是有打工吗？
adv_dear_amao_013.txt,109,2,1,いえ、厳しくしてくれて、\nありがとうございます。,不，谢谢你对我这么严格。
adv_dear_amao_014.txt,60,2,1,そういえば、\nボクをスカウトしたときも、,说起来当初招募我的时候，
adv_dear_amao_014.txt,69,2,1,これまで、ボクをプロデュース\nしようとした人の中に、,之前那些说要培养我的人里，
adv_dear_amao_014.txt,329,2,1,この私が、完膚なきまでに\n粉砕して差し上げますよ。,由我来彻底粉碎给你看吧。
adv_dear_amao_018.txt,147,2,1,会場のファンを楽しませることを、\n完全に忘れていた。,让现场观众感到快乐。
adv_dear_amao_020.txt,112,2,1,麻央さんのイメージアートが\nプリントされたこのシャツも、,这件印着麻央小姐形象图的T恤，
adv_dear_amao_020.txt,211,2,1,そういうこともあるんだって、\nわかったから……,自从明白这个道理后......
adv_dear_amao_020.txt,231,2,1,あなたのことを、\n好きにならせてみせますと。,说要让您喜欢上自己。
adv_dear_fktn_001.txt,103,2,1,担当アイドルの活躍いかんに\nよって決まってきます。,取决于负责偶像的活跃程度。
adv_dear_fktn_002.txt,58,2,1,いきなりダメダメなところ\n見られちゃってぇ、,突然被人看到这么糟糕的样子，
adv_dear_fktn_002.txt,62,2,1,見限られちゃったかなーって\nビビってるんですぅ！,我怕你会觉得我没希望了啦！
adv_dear_fktn_003.txt,167,2,1,アルバイトを、すべてやめるわけには\nいかないはずです。,确实没法完全放弃打工。
adv_dear_fktn_003.txt,174,2,1,それを、見つけてきます。\nいえ、実は、もう見つけてあります。,不，其实已经找到了。
adv_dear_fktn_003.txt,253,2,1,今日のプロデュース状況を\nメモしておこう。,记录下今天的培育情况吧。
adv_dear_fktn_005.txt,217,2,1,あたしのことホントに\n好きなんですかぁ！？,你真的喜欢我吗！？
adv_dear_fktn_005.txt,271,2,1,（どーせまたヘンテコな仕事\nなんだろーけど）,（反正肯定又是些奇怪的活儿吧）
adv_dear_fktn_007.txt,18,2,1,いきなり不吉なコト\n言わないでくださいよ！,不要突然说这种不吉利的话啊！
adv_dear_fktn_008.txt,183,2,1,なんで会長、あたしのPVなんか\nチェックしてんの……？,为什么会长会看我的PV啊……？
adv_dear_fktn_009.txt,82,2,1,あたしぃ、ジェットコースターに\n乗ってみたいです！,我想试试坐过山车！
adv_dear_fktn_009.txt,247,2,1,くすぐったい気持ちだったのは、\n覚えてます。,不过记得当时心里痒痒的感觉。
adv_dear_fktn_010-01.txt,40,2,1,もう何ヶ月も一緒に過ごしてきたような\n気がしてました。,和制作人一起相处好几个月了呢。
adv_dear_fktn_010.txt,86,2,1,学園に入るのにも、\nたくさんおカネがかかることとか……,入学需要大量费用这件事……
adv_dear_fktn_010.txt,92,2,1,アイドルになれなかったときの\nこととか……,要是当不成偶像该怎么办这种事……
adv_dear_fktn_013.txt,110,2,1,ことねを手に入れるのを\n諦めさせたのだもの。,不得不放弃得到琴音这件事呢。
adv_dear_fktn_013.txt,312,2,1,あたしのことを好きすぎて\n目が曇ってんナ～って。,因为太喜欢我都看不清现实了啦～
adv_dear_fktn_014.txt,122,2,1,お気に入りのアイドルグッズを\n飾る祭壇よ。,用来展示心爱偶像周边的祭坛哦。
adv_dear_fktn_014.txt,131,2,1,あたしのグッズばっか\nなんですけどォ！？,为什么全都是我的周边啊！？
adv_dear_fktn_014.txt,153,2,1,（プロデューサー！　やっぱり誤解じゃ\nなかったんじゃねーの！？）,（制作人！果然之前不是误会吧！？）
adv_dear_fktn_014.txt,161,2,1,（あたしこの家から\n無事に帰れんのかな……）,（我还能活着离开这个家吗……）
adv_dear_fktn_014.txt,215,2,1,今日のミーティングは、\nこのグッズについての相談と――,今天的会议要讨论这个周边的事情——
adv_dear_fktn_014.txt,231,2,1,『N.I.A』で競い合うライバルたちに\nついて説明するわ。,我来讲解在『N.I.A』中竞争的对手们。
adv_dear_fktn_014.txt,239,2,1,映像に注目して頂戴。ことねが\n『N.I.A』の制覇を目指すにあたって、,请仔细看画面。琴音想要称霸『N.I.A』，
adv_dear_fktn_014.txt,243,2,1,もっとも大きな障害となるのが、\n極月学園のアイドルたちよ。,最大的障碍就是极月学园的偶像们。
adv_dear_fktn_014.txt,296,2,1,初星学園をライバル視している……\nって噂は聞いてます。,听说他们把初星学园视为劲敌……
adv_dear_fktn_014.txt,321,2,1,要所となるオーディションには、\n精鋭を複数人送りこんでくるのよ。,会在关键赛事派出多名精锐选手参加。
adv_dear_fktn_014.txt,327,2,1,うわ露骨……絶対勝てないじゃん……\nそんなの……,这也太直白了吧……根本赢不了啊……
adv_dear_fktn_014.txt,379,2,1,これはプロデューサーの\n意志でもあるの。,这也是制作人的意思哦。
adv_dear_fktn_015.txt,140,2,1,オーディションに向けて、\nファンを増やしていこうという話です。,在讨论如何为选拔赛增加粉丝。
adv_dear_fktn_015.txt,146,2,1,超アウェーだし、プロデューサーが\nなかなか帰ってこないからぁ。,完全是客场作战，制作人又迟迟不回来。
adv_dear_fktn_015.txt,151,2,1,ついさっきまで、\nすっごく不安だったんですからね！,直到刚才我还超级不安的！
adv_dear_fktn_019.txt,136,2,1,愛しい<em>ライバル</em>の晴れ舞台を\n見届けたら…………,既然已经见证了可爱对手的华丽演出......
adv_dear_fktn_020.txt,125,2,1,藤田家の超色々祝賀パーティに\n出席してください！！,请来参加藤田家的超级庆祝派对！！
adv_dear_fktn_020.txt,132,2,1,そんで家族への紹介やり直し\nさせてください！！,然后让我重新向家人介绍您！！
adv_dear_hrnm_001.txt,103,2,1,こんな素敵なプロデューサーさんに\nなってるなんて。,居然成为了这么出色的制作人。
adv_dear_hrnm_004.txt,161,2,1,少なくとも、素質を見抜く目はある、\nプロデューサーなんだろうけど。,他确实有识别才能的眼光吧。
adv_dear_hrnm_004.txt,225,2,1,プロデューサーのことを、\n弟みたいに扱って欲しいって。,要把制作人当成弟弟来对待。
adv_dear_hrnm_006.txt,193,2,1,……うん。お料理は好きだし、\nお金もかからないからね。,……嗯。
adv_dear_hrnm_008.txt,114,2,1,……たいした熱じゃ、ありません。\nこのくらい……,...不算...高烧...
adv_dear_hrnm_008.txt,180,2,1,そんな……ことは……\nありま、せん……,没...这回事...
adv_dear_hrnm_009.txt,377,2,1,今日のプロデュース状況を\nメモしておこう。,记录一下今天的培育情况吧。
adv_dear_hrnm_010.txt,310,2,1,もう、辞めちゃおうかなって、\n諦めかけていたのに……,甚至想放弃，考虑要不要退出的时候……
adv_dear_hrnm_011.txt,51,2,1,最後のチャンスに\nなるかもしれません。,的最后机会了。
adv_dear_hrnm_011.txt,68,2,1,姫崎さんはめざましい成長を\n遂げていますが、,虽然姬崎同学进步显著，
adv_dear_hrnm_011.txt,144,2,1,姫崎さんのアイドルとしての魅力を、\nこれまで以上に高める必要があります。,姬崎同学作为偶像的魅力值。
adv_dear_hrnm_011.txt,167,2,1,はい。なので、\n今後、数週間は――,好的。所以接下来几周——
adv_dear_hrnm_012.txt,393,2,1,ライバル校のアイドルを潰そうと\n画策しているって噂があるわ。,企图打压其他学校的偶像呢。
adv_dear_hrnm_012.txt,479,2,1,より多くのファンの方に\n知ってもらいましょう。,姬崎同学日常生活中的魅力。
adv_dear_hrnm_012.txt,543,2,1,プロデューサー科の先生たちにも\nアドバイスを頂きつつ、,也请教了制作人科的老师们，
adv_dear_hrnm_013.txt,95,2,1,早いうちに確認したほうが\nいいと判断しました。,认为还是早点确认比较好。
adv_dear_hrnm_013.txt,161,2,1,動画をアップロードした\n犯人がわかりました。,已经查明视频上传者了。
adv_dear_hrnm_013.txt,188,2,1,姫崎さんの人気を落とそうと\n目論んだようですね。,所以企图打压姬崎小姐的人气。
adv_dear_hrnm_013.txt,269,2,1,ファンの方々の応援が\n踏みにじられるなんて、,辜负粉丝们的应援，
adv_dear_hrnm_014.txt,30,2,1,うん。彼女のライブ映像を\nみせてもらったけど、,嗯。我看过她的演出视频了，
adv_dear_hrnm_014.txt,35,2,1,やっぱり、アイドルとしては、\nすごい子だと思う。,她确实是个非常厉害的偶像。
adv_dear_hrnm_014.txt,74,2,1,あなたのステージの映像、\nみせてもらったよ。,我看过你的表演视频了。
adv_dear_hrnm_015.txt,19,2,1,客観的に見て、彼女の実力は、\nたしかに圧倒的です。,客观来看，她的实力确实具有压倒性优势。
adv_dear_hrnm_015.txt,20,2,1,ですが、姫崎さんが本来の力を\nステージで出し切れば――,但只要姬崎同学在舞台上发挥出真正的实力——
adv_dear_hrnm_015.txt,30,2,1,この日のために、やれるだけの\n努力はしてきたと思う。,为了这一天，我已经付出了所有努力。
adv_dear_hrnm_015.txt,37,2,1,ファンのみんなの応援に、\nしっかり応えてみせるよ。,我一定会好好回应粉丝们的应援。
adv_dear_hrnm_015.txt,53,2,1,あ、れ……ほんとだ。\n気付かなかった……,啊、真的......我都没发觉......
adv_dear_hrnm_015.txt,57,2,1,……おかしい、な……\nどうしよう……,......奇怪......怎么办......
adv_dear_hrnm_015.txt,59,2,1,落ち着いて。\n呼吸を深く。ゆっくりと。,冷静下来。深呼吸，慢慢来。
adv_dear_hrnm_015.txt,81,2,1,えっと、最近はしてなかったけど、\nあれ、してもいいかな？,那个...虽然最近都没做......现在可以吗？
adv_dear_hrnm_015.txt,99,2,1,……なでなで。\n……なでなで。,......摸摸头......摸摸头......
adv_dear_hrnm_015.txt,112,2,1,もう、大丈夫。\n普段の調子に、戻れたと思う。,已经没事了。感觉恢复平常的状态了。
adv_dear_hrnm_015.txt,117,2,1,そのようですね。\n安心しました。,确实呢。这下我就放心了。
adv_dear_hrnm_015.txt,120,2,1,へぇ、ちゃんと『QUARTET』まで\n上がってきたんですね。,哎呀，还真让你们闯进《QUARTET》了呢。
adv_dear_hrnm_015.txt,139,2,1,アイドルとして、二度とステージに\n立てないように――,为了让你们再也不能以偶像身份登台——
adv_dear_hrnm_015.txt,141,2,1,徹底的に潰して、\n公開処刑して差し上げましょう。,我会彻底击溃你们，进行公开处刑哦。
adv_dear_hrnm_015.txt,144,2,1,『N.I.A』のステージは、あなたの\n鬱憤を晴らす場ではありません。,《N.I.A》的舞台不是你发泄私愤的地方。
adv_dear_hrnm_015.txt,149,2,1,そんなパフォーマンスは、\n誰の心も打つことはできない。,这种表演无法打动任何人的心。
adv_dear_hrnm_015.txt,152,2,1,……いちいち癇に障りますね。\nフフ、まあいいでしょう。,......真是多管闲事呢。呵呵，无所谓。
adv_dear_hrnm_015.txt,156,2,1,あなたのプロデューサーとしての\n将来は、ここでお終いなのですから。,反正你作为制作人的生涯，今天就要结束了。
adv_dear_hrnm_015.txt,171,2,1,『みんなのお姉さんアイドルに\n　スキャンダル発覚！』,《国民姐姐偶像爆出丑闻！》
adv_dear_hrnm_015.txt,178,2,1,あなたが無様に負けた姿と同時に、\nこの映像を配信してあげましょう。,我会在直播你们惨败画面的同时，放出这段影像哦。
adv_dear_hrnm_015.txt,190,2,1,盗撮したレッスン風景のコラージュと、\n雑な編集映像ですね。,不过是偷拍训练画面拼接的拙劣剪辑罢了。
adv_dear_hrnm_015.txt,194,2,1,こんなフェイクを、姫崎さんの\nファンが信じるとは思えません。,这种伪造品，我不认为姬崎同学的粉丝会相信。
adv_dear_hrnm_015.txt,195,2,1,そうだとしても、ファン以外の方は、\n信じちゃうかもしれませんねぇ。,就算粉丝不信，其他观众可能会当真呢。
adv_dear_hrnm_015.txt,213,2,1,私ね、いま――すっごく、\n怒ってる……かも。,我现在......可能......非常生气。
adv_dear_hrnm_015.txt,223,2,1,私のことは、まだいいよ。\nでも、ね――,针对我还无所谓。但是——
adv_dear_hrnm_015.txt,230,2,1,{user}くんまで\n巻き込むのは、うん……,把{user}君也牵扯进来......
adv_dear_hrnm_015.txt,247,2,1,――四音さん。\nあなたには、絶対負けない。,——四音同学。我绝对不会输给你。
adv_dear_hrnm_017.txt,67,2,1,私をこのステージに\n連れてきてくれたんだ。,把我带到了这个舞台上。
adv_dear_hrnm_017.txt,74,2,1,あなたがファンのみんなを、\nこのステージまで連れてきてくれた。,你也把粉丝们带到了这个舞台。
adv_dear_hrnm_017.txt,107,2,1,だから、トップアイドルに\nなんてなれなくても――,所以就算成不了顶级偶像——
adv_dear_hrnm_017.txt,129,2,1,『N.I.A』のオーディションを、\nきみと一緒に勝ち抜いて――,和你一起通过『N.I.A』选拔——
adv_dear_hrnm_017.txt,157,2,1,だから、姫崎さんも、\n約束してくれますか――,所以姬崎小姐也和我约定好吗——
adv_dear_hrnm_019.txt,33,2,1,誰のパフォーマンスが\n優れていたかは――,谁的表演更出色——
adv_dear_hrnm_019.txt,44,2,1,お前は、私が名を覚えるに\n相応しいアイドルだ。,你是值得我记住名字的偶像。
adv_dear_hrnm_019.txt,156,2,1,これまで応援してくれた、\nファンの皆さんに――,向一直支持你的——
adv_dear_hski_001.txt,176,2,1,そんな弱気なことを\n考えてるっていうの！？,居然会有这么懦弱的想法！？
adv_dear_hski_001.txt,203,2,1,絶対に負けたくないことで、\n負けちゃうの！,绝对会败在最不想认输的事情上！
adv_dear_hski_001.txt,257,2,1,あなた、わたしの\n役に立てるって言ったわよね？,你说过，能帮到我的对吧？
adv_dear_hski_001.txt,292,2,1,わたしはあの子の、\nお姉ちゃんなんだから！,因为我是那孩子的姐姐啊！
adv_dear_hski_005.txt,382,2,1,ぜんぜん釣り合ってないよ。いつも、\nあたしばっかり……色々、もらってる。,根本没法比啦。总是我……单方面接受你的好。
adv_dear_hski_007.txt,238,2,1,帰ったらシャワーを浴びて、\nストレッチをして、食事をして。,回去洗澡、做拉伸、吃饭。
adv_dear_hski_008.txt,34,2,1,いつも言ってるけど、わたしに\n付き添うのは放課後からでいいのよ。,虽然我常说，陪我从放学后开始就行啦。
adv_dear_hski_008.txt,40,2,1,咲季さんに、1秒たりとも無駄な時間を\n使わせるわけにはいきませんから。,因为不能让咲季小姐浪费哪怕一秒钟的时间。
adv_dear_hski_008.txt,52,2,1,プロデューサーとの付き合いも、\nそれなりに長くなってきたもの。,和制作人共事也有些时日了嘛。
adv_dear_hski_008.txt,60,2,1,最近、焦りが強くなって\nいるように見えます。,最近感觉您焦躁情绪越来越明显了。
adv_dear_hski_008.txt,65,2,1,焦りもするわ。佑芽との次の勝負が\n近づいてきているんだもの。,当然会焦虑啊。和佑芽的下一场较量就快到了。
adv_dear_hski_008.txt,67,2,1,なのにわたしは……\nちっとも成長できていないんだもの。,可是我...却一点都没能成长...
adv_dear_hski_008.txt,76,2,1,わたしが佑芽をサポートするのを\nやめれば勝てる。なんて言わないでよ？,"别说什么""只要停止支援佑芽就能赢""之类的话！"
adv_dear_hski_008.txt,80,2,1,咲季さんは、\n妹に勝ちたいと言いました。,您说过想战胜妹妹。
adv_dear_hski_008.txt,87,2,1,咲季さんにとって『妹に勝つ』とは\nどういうことでしょう？,"对您而言""战胜妹妹""意味着什么？"
adv_dear_hski_008.txt,90,2,1,なにをもって勝ちとするのか、\n聞かせてください。,请告诉我，要以什么标准来判定胜利。
adv_dear_hski_008.txt,94,2,1,逆に聞くけど、プロデューサーに\nとっての『勝ち』ってなに？,"我倒要反问，对制作人来说的""胜利""是什么？"
adv_dear_hski_008.txt,96,2,1,咲季さんを\n無敵のトップアイドルにすることです。,将咲季小姐培养成无敌的顶级偶像。
adv_dear_hski_008.txt,98,2,1,それをもって『花海さんに勝った』\nことになると考えています。,"我认为这样就可以说是""战胜了花海小姐""。"
adv_dear_hski_008.txt,101,2,1,最終的にわたしが一番に\nなればいい……って、こと？,只要最后我能成为第一就行...是这样吗？
adv_dear_hski_008.txt,108,2,1,途中で一度くらい負けたって\n構わないってこと？,中途输个一两次也无所谓？
adv_dear_hski_008.txt,117,2,1,わたしが勝つ手助けをするって\n言ったじゃないっ！,你不是说要帮我获胜的吗！
adv_dear_hski_008.txt,122,2,1,あなたはすでに最高の環境で、\n最高の練習をしている。,您已经拥有最好的环境，进行着最严格的训练。
adv_dear_hski_008.txt,123,2,1,これ以上ないほどストイックに、\nトップアイドルへの道を歩いている。,正以近乎苛刻的方式，走在成为顶级偶像的路上。
adv_dear_hski_008.txt,127,2,1,成長しています。歩みは遅くとも、\n一歩一歩確実に。,您在成长。虽然步伐缓慢，但每一步都很扎实。
adv_dear_hski_008.txt,129,2,1,何度も言わせないで！\nそれじゃちっとも足りないの！,别让我说这么多遍！这样根本不够啊！
adv_dear_hski_008.txt,134,2,1,わたしはもう、アイドルとしても――\n佑芽に抜かれてるんだから！！,作为偶像我已经...已经被佑芽超越了！！
adv_dear_hski_008.txt,142,2,1,このままだと\n次の勝負で負けちゃうの！,这样下去下次比赛会输的！
adv_dear_hski_009.txt,284,2,1,1つだけ\n言えることがあるとするなら。,如果一定要说一个理由的话。
adv_dear_hski_010-01.txt,6,2,1,ねぇプロデューサー。いつの間に、\nうちの両親と仲良くなったの？,制作人，你什么时候和我父母变得这么要好了？
adv_dear_hski_010-01.txt,43,2,1,あなたも一枚かんでいるわね、\nプロデューサー。,制作人你也参与其中了吧？
adv_dear_hski_010-01.txt,45,2,1,咲季さんのプロデュースに必要だと\n思いましたので。,因为觉得这对咲季小姐的培育很有必要。
adv_dear_hski_010.txt,267,2,1,みんなから遠巻きにされているなんて、\nありえないもの！,怎么可能被大家敬而远之呢！
adv_dear_hski_010.txt,355,2,1,妹を嘘つきにするわけには、\nいかないじゃない？,总不能让我妹妹变成说谎精吧？
adv_dear_hski_010.txt,363,2,1,それで『世界一のアイドルになる』\nですか。,所以才要『成为世界第一的偶像』啊。
adv_dear_hski_010.txt,400,2,1,さっき泣きながら復讐を誓って\nいたのは誰でしたっけ？,刚才哭着发誓要复仇的是谁来着？
adv_dear_hski_011.txt,20,2,1,トップアイドルになるために、\n必要なものがわかりますか？,你知道成为顶级偶像需要什么吗？
adv_dear_hski_011.txt,173,2,1,佑芽！！　どちらがより\nたくさんのファン投票を獲得するか！,佑芽！
adv_dear_hski_012.txt,89,2,1,ん～、さらなるファン投票数を\n獲得するために……,嗯~为了获得更多粉丝投票...
adv_dear_hski_012.txt,259,2,1,アイドルとして完全無欠に近い\nメンタリティを持つ咲季さんの、,作为偶像近乎完美的咲季小姐，
adv_dear_hski_013.txt,68,2,1,何度でも、出せるように。\nいいえ……それじゃ足りない。,不......这样还不够。
adv_dear_hski_013.txt,159,2,1,ふむふむ～、わたしのライバルに\nなりそうな強敵は――,嗯哼～看来能成为我对手的强敌——
adv_dear_hski_014.txt,337,2,1,そっ。ふーん……あなたは、\nいいアイドルになりそうだし。,
adv_dear_hski_014.txt,366,2,1,……なぁに？　そんなに睨んで。\n怖いじゃない。,
adv_dear_hski_015.txt,81,2,1,ファンは外付けの筋肉だって\nあなたは言ってたけど。,你说过粉丝是外挂的肌肉…
adv_dear_hski_020.txt,251,2,1,いいから聞かせて。絶対に負けられない\n勝負に負けて――,少废话听着。在绝对不能输的较量中败北——
adv_dear_hume_007.txt,180,2,1,アイドル活動が制限されることもある\nって説明を受けたでしょう？,偶像活动可能会受到限制？
adv_dear_hume_007.txt,328,2,1,あたしも、そう思う。もしも\nお姉ちゃんがいなかったら――,我一定会——
adv_dear_hume_008.txt,115,2,1,はい！　色々色々……\n説明してくださいましたけど。,是！
adv_dear_hume_008.txt,166,2,1,わかってきたみたいですね！　\nプロデューサーさん！,制作人先生终于开始明白了吧！
adv_dear_hume_008.txt,234,2,1,本日のミーティングは、\nここまでとしましょうか。,今天的会议就到此为止吧。
adv_dear_hume_008.txt,241,2,1,あたしをここまで連れてきてくれて、\nありがとうございました。,谢谢你一路带我走到这里。
adv_dear_hume_008.txt,279,2,1,最高のスタートダッシュを\n決められたんです！,成功实现了最完美的起跑！
adv_dear_hume_010.txt,171,2,1,咲季さんは、様々な競技で\n優秀な成果を上げてきましたが。,咲季小姐虽然在各项赛事中都取得了优异成绩。
adv_dear_hume_010.txt,174,2,1,決して不敗の選手では\nありませんでした。,但她从来都不是不败的选手。
adv_dear_hume_010.txt,177,2,1,そう、ですね。上には上がいて……\nときには負けることもあって。,是呢。人外有人...有时候也会输的。
adv_dear_hume_010.txt,184,2,1,それでも、あたしにとっては、\nお姉ちゃんが一番なんです。,但对我来说，姐姐永远是最棒的！
adv_dear_hume_010.txt,186,2,1,あたしは一度も勝てませんでしたし、\nうまく言えませんけど……,虽然我一次都没赢过她，可能表达得不好...
adv_dear_hume_010.txt,201,2,1,妹に負けた程度で、\n咲季さんが無敵でなくなるとでも？,难道就因为输给妹妹一次，咲季小姐就不无敌了吗？
adv_dear_hume_010.txt,210,2,1,そう……そうですよね。なんでこんな\nバカなこと、一瞬でも考えたんだろう。,对...对啊。我怎么会冒出这么傻的念头...
adv_dear_hume_010.txt,218,2,1,お互い様です。とてつもない強敵だと\n認識していたはずなのに……,彼此彼此。明明知道是强敌...
adv_dear_hume_010.txt,224,2,1,昨日のお姉ちゃん、\nすっっっごかったですよね！！,昨天的姐姐超级——厉害的！！
adv_dear_hume_010.txt,229,2,1,アイドルとしての能力――数値では、\nすべてこちらが上回っていました。,作为偶像的各项能力数值...明明都是我们占优。
adv_dear_hume_010.txt,233,2,1,でも勝てませんでした！\n理屈じゃないんですよ！　きっと！,可我们还是输了！这根本不是数据能解释的！
adv_dear_hume_010.txt,238,2,1,数値化できないもの……覚悟、想い、\n時の運……きっとそれだけではない。,无法量化的东西...觉悟、心意、临场发挥...肯定不止这些。
adv_dear_hume_010.txt,241,2,1,膨大な諸々を、咲季さんは積み上げ\n続けている。きっといまこの時も。,咲季小姐一直在积累着数不清的东西。现在肯定也是。
adv_dear_hume_010.txt,244,2,1,それが……お姉ちゃんの、\n力の源なんですね。,那就是...姐姐的力量源泉吧。
adv_dear_hume_010.txt,246,2,1,そうであるならば、数値化できないモノ\nで劣っている我々は如何にして勝つか。,既然如此，在无形之物上处于劣势的我们该如何取胜？
adv_dear_hume_010.txt,248,2,1,わかりません！　お姉ちゃんの真似を\nすればいいんでしょうか？,不知道！是不是模仿姐姐就好了？
adv_dear_hume_010.txt,256,2,1,そうはいっても、目に見えないものを\n鍛えるのは難しい。,话虽如此，锻炼看不见的东西太难了。
adv_dear_hume_010.txt,260,2,1,む～、『想い』には\n筋肉がないですもんね。,"唔～""心意""又没有肌肉可以练。"
adv_dear_hume_010.txt,264,2,1,……ま、まあ、そんな感じです。\nですから我々は、勝つために――,...差、差不多就是这样。所以我们要取胜的话——
adv_dear_hume_010.txt,265,2,1,ひたすら目に見える\n数値を積み上げましょう。,就拼命提升看得见的数值吧。
adv_dear_hume_010.txt,273,2,1,そう。なにせ佑芽さんは、まだまだ\nまだまだ数値を伸ばせますから。,没错。毕竟佑芽你的数值还有很大提升空间。
adv_dear_hume_010.txt,274,2,1,無敵の咲季さんを、圧倒的な数値で\nすり潰してやりましょう！,就用绝对碾压的数值，击溃无敌的咲季小姐！
adv_dear_hume_010.txt,280,2,1,あははっ――\nすっごく単純な作戦ですね。,哈哈——这战术也太简单粗暴了吧。
adv_dear_hume_010.txt,286,2,1,あたしもそう思います！　難しいことを\n言われても、絶対できませんから！,我也这么想！说太复杂的话我肯定做不到！
adv_dear_hume_010.txt,292,2,1,では、さらにシンプルな最終目標を。\n花海佑芽さん。あなたには――,那就说个更简单的终极目标。花海佑芽——
adv_dear_hume_010.txt,293,2,1,最高の歌唱力、最高のダンス、\n最高の美貌で、勝つべくして勝つ。,你要以最强的唱功、最强的舞技、最美的容貌，赢得理所当然的胜利。
adv_dear_hume_010.txt,296,2,1,そんな常勝不敗のトップアイドルに\nなってもらいます！,成为真正战无不胜的顶级偶像！
adv_dear_hume_010.txt,319,2,1,この花海佑芽！　\nご期待に応えてみせますっ！,我花海佑芽！绝不会辜负您的期待！
adv_dear_hume_012.txt,152,3,2,中等部ナンバーワンユニットだった、\n『SyngUp!』の元リーダー\nでもあります。,她曾经还是中等部最强组合\n『SyngUp!』的队长。
adv_dear_hume_014.txt,121,2,1,もちろん数日中にライブがない方の\nほうが多いので。,当然考虑到多数人近期没有演唱会安排，
adv_dear_hume_014.txt,126,2,1,えっと……あのあの、\nプロデューサーさん？,那个......制作人先生？
adv_dear_hume_014.txt,183,2,1,そのためなら、\nどんな手段でも使います。……もしも。,为此我会不择手段......假如。
adv_dear_hume_015.txt,144,2,1,佑芽さんを彼女に鍛えてもらおうと\n思いまして。,我想请她来训练佑芽小姐。
adv_dear_hume_016.txt,161,2,1,……気が向いたらで、\nいいんだけど、さ。,......等你有空的时候...
adv_dear_hume_019.txt,107,2,1,お姉ちゃん！　あたし勝ったよ！！　\nだから……だから――――,姐姐！
adv_dear_hume_020.txt,31,2,1,花海佑芽がブレイクスルーを\n果たすには――,要让花海佑芽实现突破——
adv_dear_hume_020.txt,114,2,1,さらなるブレイクスルーを\n実現することでした。,实现更进一步的突破。
adv_dear_jsna_001.txt,282,2,1,学園一のアイドル、\nなんて呼ばれている。,被称作学园第一偶像。
adv_dear_jsna_001.txt,347,2,1,最後に、もう一度だけ、\n信じてみたくなったの。,最后...想再试着相信一次。
adv_dear_jsna_004.txt,88,2,1,へえ……どんなコメントが\n届いているのかしら。,哦……都是些什么留言呢？
adv_dear_jsna_004.txt,169,2,1,学園を背負って立つアイドルに\nなってくれることをね。,成为肩负学园未来的偶像。
adv_dear_jsna_005.txt,28,2,1,あなた、よくもあんな不意打ちを\nしてくれたわね……！,你居然敢这样突然袭击我...！
adv_dear_jsna_005.txt,50,2,1,あなたの意図はわかっている\nつもりよ。けれど……,我明白你的用意。但是...
adv_dear_jsna_005.txt,64,2,1,能力看破の“特技”を\n解説するシーンとか。,"解说""能力看破""这项特技的场景。"
adv_dear_jsna_005.txt,94,2,1,あなたのことは、\nより嫌いになったけれど。,虽然因此更加讨厌你了。
adv_dear_jsna_006.txt,191,2,1,……ファンではないと\n言っているだろう。,......都说了不是粉丝。
adv_dear_jsna_007.txt,103,2,1,従来の十王星南を壊しながら……\nファンたちの賛否両論を浴びながら……,不断打破过去的十王星南...<br]承受粉丝们的褒贬议论...
adv_dear_jsna_007.txt,106,2,1,新しい私の姿を、ときに無様な姿を、\n皆に見せ続けてきた。,
adv_dear_jsna_007.txt,109,2,1,それでも……私の<r\=ステータス>能力値</r>は\n去年からなにも変わっていない。,即便如此...我的能力值<br]从去年开始毫无长进。
adv_dear_jsna_007.txt,123,2,1,星南さんは、\n大きく変わっていると思いますよ。,我认为<br]星南小姐已经改变很多了。
adv_dear_jsna_007.txt,124,2,1,以前のあなたなら、決して……\n臆していながら挑みはしない。,若是以前的你 绝不会...<br]边害怕边迎接挑战。
adv_dear_jsna_007.txt,129,2,1,成長と呼べるのかしら、それ。\n無謀になっただけのような気がするわ。,这能叫成长吗？<br]感觉只是变得鲁莽了而已。
adv_dear_jsna_007.txt,133,2,1,あなたは去年『<r\=プリマステラ>一番星</r>』になってから、\nずっと初星学園の王者だった。,自从去年成为『一番星』后<br]你一直是初星学园的王者。
adv_dear_jsna_007.txt,138,2,1,ええ、完全無欠のアイドル。\nそう呼ばれていたわ。,是啊 被称为<br]完美无缺的偶像呢。
adv_dear_jsna_007.txt,144,2,1,ステージを下りたあなたは、\nわりとぽんこつでしたから。,毕竟离开舞台的你<br]意外地笨手笨脚呢。
adv_dear_jsna_007.txt,150,2,1,……それを晒せと言ったのは\nあなたでしょう。,...还不是你说<br]要展现真实自我的。
adv_dear_jsna_008.txt,141,2,1,目を輝かせて慕ってくれる子たちに、\nそんなこと、言えないじゃない？,这种话怎么可能说得出口？
adv_dear_jsna_009.txt,233,2,1,直接サインをいただこうとすら\n思っていたのに……！,当面要签名的……！
adv_dear_jsna_010.txt,212,2,1,トップアイドルの基準を\n満たすものではないわ。,顶级偶像的标准。
adv_dear_jsna_011.txt,184,2,1,それでも、\n挑まない理由にはならない。,但这不是退缩的理由。
adv_dear_jsna_011.txt,248,2,1,トップアイドル同士の激突を、\n楽しみにしています。,我很期待顶级偶像之间的巅峰对决。
adv_dear_jsna_012.txt,17,2,1,わしを除け者にして、\nこそこそ企画したイベントなのじゃ。,偷偷策划的活动啊。
adv_dear_jsna_012.txt,35,2,1,やってくれるではないか、\nこの老いぼれがァ～～～ッ！,这老不死的居然来这招～～～！
adv_dear_jsna_012.txt,210,2,1,藤田ことねさんを\nスカウトしましょう！,去招募藤田琴音吧！
adv_dear_jsna_014.txt,207,2,1,疲労回復スペシャルコースを\n受けてもらいまーっす！,疲劳恢复特别套餐哦！
adv_dear_jsna_014.txt,227,2,1,特製のお食事が振る舞われるそう\nですわ！　楽しみですわね～♪,真是期待呀～♪
adv_dear_jsna_014.txt,428,2,1,では、今日のミーティングは\nこのあたりで切り上げましょう。,那么今天的会议就开到这里吧。
adv_dear_jsna_015.txt,74,2,1,ことね、あなたもうかうか\nしていられないわよ――……あら？,琴音，你也该打起精神了——...哎呀？
adv_dear_jsna_016.txt,20,2,1,あんな……格上の相手に……\n勝てちゃうなんて。,能战胜那种……实力悬殊的对手……
adv_dear_jsna_016.txt,156,2,1,今日、あなたはとても調子がいいと\n言っていたわね。,你今天说过状态非常好对吧？
adv_dear_jsna_019.txt,212,2,1,皆さまに愛され、\n支えられる価値のある――,配得上大家喜爱与支持的——
adv_dear_jsna_020.txt,187,2,1,あの子たちをプロデュースする\n過程で……,在培育那些孩子的过程中......
adv_dear_kcna_001.txt,4,2,1,今回は事前情報なしの\nプロデュースになるな。,这次的育成任务没有任何事先情报呢。
adv_dear_kcna_001.txt,25,2,1,くれぐれも粗相のないよう、\nお願いいたします。,恳请您务必注意礼节。
adv_dear_kcna_001.txt,93,2,1,倉本さんをプロデュースすることに\nなった経緯ですが。,关于这次负责培育仓本小姐的缘由
adv_dear_kcna_001.txt,113,3,2,彼女のプロデュースを\nおぬしに任せる！\n,她的培育工作\n就交给你了！
adv_dear_kcna_003.txt,273,3,2,どんな難題が課されようとも、\n彼女に合った方法で進んでいこう。\n,无论遇到什么困难，\n都要用适合她的方式继续前进。
adv_dear_kcna_004.txt,17,2,1,（そんなふうに思って\nおりましたが……）,（虽然我一直这么想着……）
adv_dear_kcna_004.txt,120,2,1,（歌って踊る煌びやかなお仕事\nじゃなかったんですのぉ！）,（不是只要唱歌跳舞的华丽工作吗！）
adv_dear_kcna_004.txt,244,2,1,保健室だよ。あなた、倒れたの。\nレッスン中に。,保健室哦。你训练时晕倒了。
adv_dear_kcna_004.txt,293,2,1,アイドルになれないと\nおっしゃいますの？,就注定不能成为偶像吗？
adv_dear_kcna_006.txt,242,2,1,先生。わたくしは\nとても恵まれていて……,老师。我……
adv_dear_kcna_007.txt,406,3,2,次の目標はライブ……\nもっともっと一緒に頑張ろう。\n,下一个目标是演唱会......\n让我们一起更加努力吧。
adv_dear_kcna_008.txt,27,2,1,わたくしを観に来て\nくださったのですわね。,专程来看我表演的呢。
adv_dear_kcna_008.txt,194,2,1,……情けない台詞を\n堂々と言わないでください。,......别说这么没出息的话。
adv_dear_kcna_009.txt,25,2,1,いかがでしたかっ、わたくしの\nファーストライブはっ！,我的首次演唱会<BR>您觉得怎么样呀！
adv_dear_kcna_009.txt,36,2,1,目ざといもなにも、\n転びかけていたでしょう。,这哪是仔细不仔细的问题<BR>你差点摔跤了吧。
adv_dear_kcna_009.txt,43,2,1,ですが、すぐに立て直して\nみせたのはよかった。,但能立刻调整好状态<BR>这点值得表扬。
adv_dear_kcna_009.txt,45,2,1,観客も、倉本さんが必死で頑張る姿を\n好意的に見ていたようです。,观众们似乎也很欣赏<BR>仓本小姐拼命努力的样子。
adv_dear_kcna_009.txt,55,2,1,えへへ……♪　ど、どのような\nところがでしょうかっ！,嘿嘿……♪ 具、具体是哪些<BR>地方让您满意呢！
adv_dear_kcna_009.txt,57,2,1,倉本さんの一生懸命さが伝わってきて、\n拙ささえもが魅力に変わる。,仓本小姐全情投入的姿态很有感染力<BR>连生涩感都变成了魅力。
adv_dear_kcna_009.txt,62,2,1,うぅ……ミスが多くて\n申し訳ございませんでした……！,呜……失误这么多<BR>实在很抱歉……！
adv_dear_kcna_009.txt,71,2,1,皆様のお顔を見る余裕が\nありませんでしたの。,根本没空看<BR>观众们的表情呢。
adv_dear_kcna_009.txt,78,2,1,喜んでいただけたなら……\nよかったですわぁ……,如果能让大家开心……<BR>就太好了呢……
adv_dear_kcna_009.txt,83,2,1,倉本さん。……初めて会った日の\nことを、覚えていますか？,仓本小姐。……还记得<BR>我们初次见面的那天吗？
adv_dear_kcna_009.txt,90,2,1,半年前、あなたのアイドルとしての\n実力は……ひどいものでした。,半年前，你作为偶像的实力……<BR>实在惨不忍睹。
adv_dear_kcna_009.txt,96,2,1,あの状態からよくぞ……\nここまで成長したものです。,能从那种状态…<BR>成长到现在真是了不起。
adv_dear_kcna_009.txt,101,2,1,えへへっ、\n先生のご指導の賜物ですわっ！,嘿嘿，<BR>这都是老师教导有方呀！
adv_dear_kcna_009.txt,103,2,1,プロデューサーなのに、\n奇妙な台詞ですが。,身为制作人<BR>这话说得有点奇怪。
adv_dear_kcna_009.txt,115,2,1,わたくしを、本心から\n褒めてくださいますわね。,发自内心地<BR>称赞我呢。
adv_dear_kcna_009.txt,127,2,1,いつも率直に……\n褒め、叱り、導いてくださった。,总是直率地……<BR>夸奖我，训斥我，引导我。
adv_dear_kcna_009.txt,133,2,1,『仕事を果たしたまで』……きっと\nそうおっしゃるのでしょうけれど。,「完成分内工作」……您一定<BR>会这么说吧。
adv_dear_kcna_009.txt,135,2,1,それがどれだけ、わたくしを救い、\n背を押してくださったことか……,但您不知道这对我是多大的救赎<BR>给了我多少前进的勇气……
adv_dear_kcna_009.txt,151,2,1,『契約は終わり』だなんて、\nどうかおっしゃらないで。,"请千万不要说什么<BR>""契约已经结束""这样的话。"
adv_dear_kcna_009.txt,155,2,1,ここに戻る前、\nお爺様に会ってきました。,在回到这里之前<BR>我去见了祖父大人。
adv_dear_kcna_009.txt,157,2,1,優しく怖いお爺様。少し前まで、\nご意思に逆らうことなんて……,那位温柔又严厉的祖父大人。就在不久前<BR>我还从不敢违抗他的意志……
adv_dear_kcna_009.txt,163,2,1,考えもしませんでしたわ。\nですけれど……,连想都不敢想呢。<BR>但是……
adv_dear_kcna_009.txt,168,2,1,きっちり認めさせてきましたわ！　\nわたくしが――,这次我让他好好认可了！<BR>我要——
adv_dear_kcna_009.txt,173,2,1,これからも先生と一緒に、\nアイドルを続けることを！,今后也要继续和老师一起<BR>当偶像这件事！
adv_dear_kcna_009.txt,180,2,1,はいっ！　プロデューサーは、\nこれからもずぅ～～～～～～～っと！,是！制作人先生<BR>从今以后也要一直～～～～～～～！
adv_dear_kcna_009.txt,191,2,1,もちろんですわっ！　だってわたくし、\nまだまだまだまだ未熟ですものっ！,当然记得呀！
adv_dear_kcna_009.txt,196,2,1,ご存じのとおり、ステージに立てる\nギリギリの実力しかありませんものっ！,您知道的，我只有<BR>勉强能站上舞台的实力而已！
adv_dear_kcna_009.txt,201,2,1,自信満々に情けない台詞を言うのは、\n今後控えましょうね。,以后请别再用这么自信的语气<BR>说出丧气话了。
adv_dear_kcna_009.txt,202,2,1,あなたはもう、\n立派なアイドルなのですから。,因为你已经是<BR>独当一面的偶像了。
adv_dear_kcna_009.txt,211,2,1,わたくし、もう自分を劣等生の\n最底辺アイドルだなんて呼びませんわ。,我再也不会自称是<BR>差生中最底层的偶像了。
adv_dear_kcna_009.txt,214,2,1,わたくしを応援してくださる\nファンの皆様に失礼ですもの。,这样对支持我的<BR>粉丝们太失礼了。
adv_dear_kcna_009.txt,220,2,1,そう、今日からのわたくしは、\nとっても立派なっ！,没错，从今天开始<BR>我要成为非常优秀的！
adv_dear_kcna_009.txt,231,2,1,立派なアイドルに育ってくれた。\nここからが本当のスタートだ。,你已经成长为出色的偶像了。<BR>现在才是真正的起点。
adv_dear_kcna_011.txt,294,2,1,はいっ！　先生は、\nこうおっしゃいました。,好的！老师刚才说...
adv_dear_kcna_011.txt,302,2,1,『N.I.A』は、我々にとって\n有利な大会だと……何故なのでしょう？,
adv_dear_kcna_016.txt,138,2,1,わたくし、\nまたなにかやってしまいました？,我又...做了什么吗？
adv_dear_kcna_018.txt,61,2,1,倉本さん。話の腰を折って\n申し訳ありませんが。,仓本小姐。很抱歉打断你。
adv_dear_kcna_019.txt,167,2,1,はいっ！　はいっ！　\nまさしくその通りですわ！,没错！完全正确！
adv_dear_kllj_001.txt,99,2,1,父が日本人なんです。\n,因为父亲是日本人。
adv_dear_kllj_003.txt,37,2,1,……うーん、そうですね、\n今お伝えするか悩ましい所ですが――,……嗯——让我犹豫要不要现在说呢——
adv_dear_kllj_003.txt,135,2,1,……もう少し自然な感じに\nなりませんか？,……能不能更自然一点呢？
adv_dear_kllj_003.txt,165,2,1,い、いえ、なんか方向性が違うと\n思うんですけど……。,不、不是，总觉得方向性不太对……
adv_dear_kllj_003.txt,213,2,1,……！\n分かりました……！,……！
adv_dear_kllj_004.txt,112,2,1,失礼。盗み聞きをするつもりは\nなかったのですが――,失礼了。虽然没打算偷听——
adv_dear_kllj_005.txt,164,2,1,今日は見て学ぶレッスンなんだって。\n,听说今天是观摩学习课哦。
adv_dear_kllj_007.txt,416,2,1,…………約束、何のことだっけ？\nあたし、すぐ忘れちゃうんだよね～。,…………
adv_dear_kllj_008.txt,148,2,1,……葛城さん。\n今日はもう帰りましょう。,......葛城同学。
adv_dear_kllj_010-01.txt,40,2,1,やれと言われないとやらない人は\nよくいますが――,虽然有很多人不说就不做——
adv_dear_kllj_010.txt,95,3,2,あっ、やっと見つけた！\n探したよ～。\n,啊，终于找到啦！\n找你好久了～
adv_dear_kllj_010.txt,100,3,2,昨日は部屋帰ったら寝ちゃってたし、\n起きたらもう出かけてるし。\n,昨天回房间就睡着了\n醒来发现你已经出门了～
adv_dear_kllj_010.txt,106,3,2,ご、ごめんね。帰ったら\n気が抜けちゃって、すぐ……。\n,对、对不起。回来后\n整个人放松下来就...
adv_dear_kllj_010.txt,116,3,2,ううん──\nライブ、めっちゃ良かったよ！\n,没事啦──\n昨天的演唱会超级棒！
adv_dear_kllj_013.txt,81,2,1,仕方ない……って。\nみんな、わたしよりすごい人だから。,没办法......毕竟大家都比我厉害。
adv_dear_kllj_013.txt,96,2,1,……センパイ。\nわたしは、勝ちます。,......前辈。
adv_dear_kllj_014.txt,328,2,1,一生懸命に頑張れるところは、\n葛城さんの魅力です。,全力以赴是你的魅力所在。
adv_dear_kllj_015.txt,156,2,1,はい……！\n今のわたしの、精一杯を……！,是……！
adv_dear_kllj_017.txt,115,2,1,叶うと思っているわけじゃ、\nありません……。,并不是说一定能实现......
adv_dear_kllj_020.txt,59,2,1,始まる前、緊張して、不安で……\nお腹が痛かったんですけど……,开始前明明紧张得...肚子都疼了...
adv_dear_kllj_020.txt,89,2,1,そう思って……それからは、\nとにかく必死でした。,这么想着...之后就只顾拼命了。
adv_dear_shro_001.txt,317,3,2,流れでプロデュースすることに\nなったが……\n,顺势答应了负责育成工作……\n
adv_dear_shro_003.txt,314,2,1,片足立ちを10秒維持できるように\nならないといけない。,要做到能单脚站立维持十秒钟。
adv_dear_shro_005.txt,26,2,1,アイドルを<em>目指すため</em>に入った\nって答えたら……,"我回答说""是为了成为偶像""之后..."
adv_dear_shro_005.txt,115,2,1,ですから……思ったことを、\nそのまま言うことにします。,所以...我就直说我的想法了。
adv_dear_shro_005.txt,160,2,1,趣味は夢に劣るものではないと\n思います。,我认为爱好并不比梦想低劣。
adv_dear_shro_005.txt,172,2,1,テンションが上がっているように\nさえ見えます。,你反而显得更亢奋了。
adv_dear_shro_006.txt,410,2,1,ち、千奈ちゃんに足のマッサージは\nしたことないじゃない。,又、又没给千奈酱按过脚！
adv_dear_shro_006.txt,511,2,1,ほっ……効果があったなら、\nよかったよ～。,呼...有效果就好~
adv_dear_shro_007.txt,61,2,1,最近、篠澤さんを\nプロデュースする夢を見るんです。,最近我老是梦到在培育篠泽小姐。
adv_dear_shro_008.txt,230,2,1,プロデューサー。\nわたし、あのとき言ったよ。,制作人。
adv_dear_shro_011.txt,37,2,1,有力な新人アイドルとして\n名を馳せてもらうつもりです。,成为备受瞩目的强力新人偶像。
adv_dear_shro_011.txt,43,2,1,ようやくライブができるように\nなったけど。,虽然终于能登台演出了。
adv_dear_shro_012.txt,106,2,1,あまりにも無軌道に\n拡散されていくので、,由于传播速度过于失控，
adv_dear_shro_012.txt,129,2,1,わたしを女神って呼ぶの、\nなんとかできない？,能不能别让他们叫我女神了？
adv_dear_shro_013.txt,259,2,1,篠澤さんのライバルに\nしてくださいませっ！,篠泽同学的竞争对手吧！
adv_dear_shro_017.txt,263,2,1,『N.I.A』ランキング1桁！\n到達おめでと～～～っ！,恭喜你登上『N.I.A』排行榜前十名~~！
adv_dear_shro_018.txt,61,2,1,決戦の前に、テンションを\n下げたくないのですが……,决战前不想说泄气话...
adv_dear_shro_018.txt,64,2,1,あなたを……思いっ切り\n褒めてもいいでしょうか？,可以让我...好好夸奖你吗？
adv_dear_shro_020.txt,157,2,1,どう考えているのか、と、\n問われたんです。,他问我究竟是怎么想的。
adv_dear_ssmk_001.txt,109,2,1,あそこで頑張って走ってる女の子、\n見えるよね？,看到那边拼命跑步的女孩子了吗？
adv_dear_ssmk_004.txt,160,2,1,それはフツーに、アイドル見るのが\n好きなだけだし～。,那只是单纯喜欢看偶像表演啦～。
adv_dear_ssmk_005.txt,82,2,1,……右ひざに大きな怪我を負ったと、\nそう聞きました。,……听说您右膝受过重伤。
adv_dear_ssmk_007.txt,245,2,1,……そりゃー、だってさー、\nしんどいに決まってるじゃん！,……
adv_dear_ssmk_007.txt,261,2,1,……いや、違うな。そうじゃない。\n清夏さん。俺は、支えたいんです。,……
adv_dear_ssmk_009.txt,205,2,1,……あの約束に支えられているのは、\nわたしも同じです。,……那个约定也同样支撑着我。
adv_dear_ssmk_009.txt,217,2,1,……いつか来るその日のことを、\n楽しみにしています。,……我期待着那一天的到来。
adv_dear_ssmk_010-01.txt,49,2,1,些細なことでも、何かあれば\nちゃんと報告してください。,再小的事也要及时汇报。
adv_dear_ssmk_011.txt,133,2,1,今回ばかりは本当に、\n大したことをしていません。,这次真的没做什么大不了的事。
adv_dear_ssmk_011.txt,186,2,1,注目されているのは、\n良いことばかりではありません。,被人关注并不全是好事。
adv_dear_ssmk_014.txt,237,2,1,（Pっちがこんなに怒ってるトコ、\n　初めて見た……）,（第一次看到P这么生气的样子……）
adv_dear_ssmk_014.txt,329,2,1,リーリヤには……弱いところを、\n見せたくなくて。,不想让莉莉娅……看到我软弱的样子。
adv_dear_ssmk_014.txt,373,2,1,あたしは、リーリヤが思ってるほど、\n大したやつじゃないんだよ！,我根本不是莉莉娅想的那么厉害的人！
adv_dear_ssmk_014.txt,393,2,1,リーリヤはさ、ずっとあたしを\n信じてくれてるよね。,莉莉娅你啊，一直都很信任我对吧。
adv_dear_ssmk_017.txt,72,2,1,……え？\nあの子、そんなにすごいの？,……诶？
adv_dear_ssmk_018.txt,80,2,1,私の見立ては間違っていなかった、\nということですね。,这说明我的判断没有错呢。
adv_dear_ssmk_019.txt,105,2,1,清夏さんが、極月学園の誘いを\n断ってくれたことです。,你拒绝了极月学园的邀请这件事。
adv_dear_ttmr_001.txt,79,2,1,私が起こした<em>問題</em>を……\n知っていると？,你是说……你知道我引发的问题？
adv_dear_ttmr_001.txt,119,2,1,（……そんなに怒ってる\nみたいに見えるのかな……？）,（...我看起来有那么生气吗...？）
adv_dear_ttmr_001.txt,138,2,1,（制度の恩恵を受けられるだけでも、\n十分なメリットだし……それに）,（光是能享受制度福利就已经很有价值了...况且）
adv_dear_ttmr_002.txt,25,2,1,私のプロデュースをさせてあげるって\n言ったけど……,虽然说是让你来培育我...
adv_dear_ttmr_002.txt,47,2,1,専門家の意見を\n聞きたくはありませんか？,想听听专家的意见吗？
adv_dear_ttmr_002.txt,95,2,1,そうなってしまう理由を……\n……聞きたいですか？,想知道为什么会变成这样吗......？
adv_dear_ttmr_002.txt,240,2,1,不調の原因は伝えられた。あの食事、\n気に入ってくれるといいんだが……,已经告知她状态不佳的原因。希望她能喜欢那些特制餐食...
adv_dear_ttmr_004.txt,146,2,1,だからどんなアクシデントにも\n即応できた。,所以才能应对任何突发状况啊。
adv_dear_ttmr_004.txt,176,2,1,ユニットから\n抜けるしかなかったんです！,只能选择退出组合了！
adv_dear_ttmr_005.txt,50,2,1,ぎりぎりまでパフォーマンスが\n落ちないようにしましょう。,让表演水准不至于下滑太多。
adv_dear_ttmr_005.txt,87,2,1,カメラに慣れていない\nはずはないでしょう。,你早就应该习惯镜头了吧？
adv_dear_ttmr_006.txt,187,2,1,月村さん。本当に素晴らしい\nライブでした……が。,月村小姐。演出确实非常精彩......但是。
adv_dear_ttmr_006.txt,189,2,1,7割の力でいきましょう、と、\n言いましたよね？,我说过只用七成力气的吧？
adv_dear_ttmr_006.txt,206,2,1,なにか文句でもあるんですか、\nプロデューサー！？,制作人你有什么意见吗！？
adv_dear_ttmr_006.txt,223,2,1,うん。言われるまでもないよ、\nプロデューサー！,嗯。
adv_dear_ttmr_006.txt,233,2,0,手毬のファーストライブは、\n散々な結果に終わった。 hide=true,
adv_dear_ttmr_007.txt,140,2,0,そんなときは、\nゆっくりと、休みましょう。,
adv_dear_ttmr_007.txt,144,2,0,ここはいい場所ですよ。\n暖かくて、気持ちよく眠れます。,
adv_dear_ttmr_009.txt,216,2,1,あなたに不自由な思いを\nさせてしまっていた。,让你感到不自在。
adv_dear_ttmr_009.txt,384,2,1,危うくも素晴らしいステージを\n見せてもらった！,差点就错过这么精彩的舞台表演了！
adv_dear_ttmr_011.txt,151,2,1,『SyngUp!』のメンバーが目標にして\nいたアイドル・<r\=かやけい>賀陽継</r>のこと。,《SyngUp!》成员们曾经憧憬的偶像·贺阳继的事。
adv_dear_ttmr_012.txt,63,2,1,アイドル・月村手毬の大きな武器の\n1つは――,偶像·月村手毬的重要武器之一——
adv_dear_ttmr_013.txt,248,2,1,月村さん！　助けにきてくださったのは\nとっても嬉しいのですが！！,月村同学！虽然很感谢您来帮忙！！
adv_dear_ttmr_013.txt,663,2,1,月村さん！　助けにきてくださったのは\nとっても嬉しいのですが！！,月村同学！虽然很感谢您来帮忙！！
adv_dear_ttmr_014.txt,60,2,1,なんって、\n恩着せがましい方なのでしょう！,何等、何等盛气凌人的态度！
adv_dear_ttmr_014.txt,179,2,1,わ、私のどこが抜けているって\nいうんですか！！,谁、谁冒冒失失了啊！！
adv_dear_ttmr_015.txt,146,2,1,私を『いい人』みたいに言うの、\nやめてくれない？,别把我说得像个好人行吗？
adv_dear_ttmr_020.txt,7,2,0,優勝ライブが終わり――\n『NEXT IDOL AUDITION』の幕が閉じる。,
adv_event_001_main-05.txt,211,2,1,これからは、クラス全員\nニックネームで呼び合おう。,从现在开始，全班同学都用昵称互相称呼吧。
adv_event_001_main-05.txt,224,2,1,ニックネームって、\nたとえばどんな？,昵称的话...比如什么样的？
adv_event_001_main-05.txt,231,2,1,そうだな……リーリヤだったら、\nりーぴゃん……とか。,我想想...莉莉娅的话就叫...小莉莉什么的。
adv_event_001_main-05.txt,244,2,1,りーぴゃん……\nなんで嫌そうな顔するの。,小莉莉...干嘛露出这么抗拒的表情啊。
adv_event_001_main-05.txt,249,2,1,真顔で急にりーぴゃん言われたら\n誰でもそうなるって。,突然一脸正经地喊小莉莉，任谁都会这个反应啦。
adv_event_001_main-05.txt,278,2,1,……ニックネームで\n呼ばれるのは嫌いじゃない。,...被人用昵称称呼，我倒是不讨厌。
adv_event_001_main-05.txt,282,2,1,……そういうのは……ファンの皆さんに\n付けてもらった方が……,...这种称呼...还是留给粉丝们来取比较...
adv_event_001_main-05.txt,316,2,1,さあ！　自己紹介の\nやり直しもできたところで――,好了！既然重新自我介绍也结束了——
adv_event_001_main-05.txt,322,2,1,クラス全員で、\n<r\=レクリエーション>勝負</r>を始めましょう！,就让我们全班同学一起开始对决吧！
adv_event_001_main-05.txt,327,2,1,あらゆるパーティーゲームで百戦無敵を\n誇るこのわたしに、挑んできなさい！,向我这个称霸所有派对游戏的无敌王者发起挑战吧！
adv_event_001_main-05.txt,332,2,1,へー、はたしてうちの\nめちゃつよリーリヤに勝てるかな～？,嘿～真能赢过我们家超强的莉莉娅吗～？
adv_event_001_main-05.txt,338,2,1,ゲームの勝敗なんてどうでもいい。\n……けど。,游戏输赢根本无所谓...不过。
adv_event_001_main-05.txt,345,2,1,全力でぶつかり合えば、\nわかり合えるし、認め合えるわ。,只要全力碰撞，就能互相理解，互相认可。
adv_event_001_main-05.txt,351,2,1,あたしたち、夢も目標も\nみーんなバラバラで――,我们的梦想和目标全都各不相同——
adv_event_002_main-02.txt,11,2,1,これでクラス全員と\n友達になれたかな～？,这样应该和全班同学都成为朋友了吧～？
adv_event_002_main-02.txt,159,2,1,えっ？　で、では……\n秦谷さんはどこに……？,诶？那...秦谷同学去哪了...？
adv_event_002_main-02.txt,192,2,1,もちろん美鈴ちゃんを\nにおいで探してるんだよ。,当然是在用气味寻找美铃酱啦
adv_event_002_main-02.txt,210,2,1,人間って、\nそんなことできましたっけ？,人类...能做到这种事吗？
adv_event_002_main-04.txt,56,2,1,ひぃぃ……不吉なことを言わないで\nくださいませ……,呜哇...请别说这么不吉利的话...
adv_event_002_main-05.txt,6,2,1,篠澤さん……大変なことが\n起こってしまいました。,筱泽小姐……出大事了。
adv_event_003_main-01.txt,128,2,1,来週のサマースクールのことを\n話してたんだ。,在说下周的暑期特训班的事。
adv_event_003_main-02.txt,153,2,1,うん、まぁ……\nそうだよねぇ。,嗯，也是呢......
adv_event_003_main-02.txt,274,2,1,うん、こんなにキツイなんて、\n思わなかったよ。,嗯，没想到会这么吃力。
adv_event_003_main-02.txt,525,2,1,1年生だとあまり実感は\nないかもしれないけどね、,一年级可能还不太有实感，
adv_event_003_main-02.txt,529,2,1,3年間なんて、本当にあっというまに\n過ぎてしまうんだ。,但高中三年真的会转瞬即逝。
adv_event_003_main-02.txt,570,2,1,先輩の貴重なアドバイス、\nありがとーございます。,感谢前辈宝贵的建议。
adv_event_003_main-04.txt,5,2,0,サマースクール2日目――\nリハーサル。 hide=true,
adv_event_003_main-04.txt,199,3,2,というか、お客さん、\nさばききれてない感じがするけど……\n,倒不如说...感觉\n根本忙不过来的样子......
adv_event_004_main-01.txt,204,2,1,やっぱリーダーに立候補\nするだけあるわ～。,不愧是敢竞选班长的人～
adv_event_004_main-02.txt,491,2,1,負けた方が勝った方の言うこと\n聞くんだよね？,输的人要听赢的人的话对吧？
adv_event_004_main-05.txt,274,2,1,……リーリヤと遊んでくれて\nありがとね。,……谢谢你陪莉莉娅玩。
adv_event_004_main-05.txt,476,2,1,トレーニングは明日以降で\n調整するわ。,训练从明天开始调整。
adv_event_005_main-01.txt,221,2,1,イヤ、むしろ当然の措置だろう、\nそれは。,不，这反而是理所当然的措施吧。
adv_event_005_main-02.txt,4,2,1,まずはふたり目の生徒会新メンバーに\n会いに行きましょう。,首先我们去找第二位学生会新成员吧。
adv_event_005_main-02.txt,290,2,1,私にあなたのプロデュースを\nさせて頂戴という意味よ。,让我来培育你的意思呀。
adv_event_005_main-03.txt,76,2,1,中等部ナンバーワンユニットと\n呼ばれていた――,曾被称作中等部最强组合的——
adv_event_005_main-04.txt,39,2,1,彼女たちの資料には一通り\n目を通したけれど……,虽然已经浏览过她们的基本资料...
adv_event_005_main-04.txt,57,2,1,……また始まった。貴様に本当に\nそんな特技があるのなら、,...又来了。你要是真有这种特殊才能，
adv_event_005_main-04.txt,63,2,1,私を視るといい。プロデュースしたくて\nたまらなくなるんじゃないか？,不如看看我？应该会迫不及待想培育我吧？
adv_event_005_main-05.txt,6,2,1,ここまで順調にスカウトを\n進めてきたけれど……困ったわ。,迄今为止的招募工作都挺顺利的……但现在遇到麻烦了。
adv_event_005_main-05.txt,34,2,1,夏のH.I.Fで活躍させたいなどと\n考えているのではあるまいな？,然后让她们在夏季H.I.F上大放异彩吗？
adv_event_005_main-05.txt,49,2,1,さすがにそれは……もちろん、\n1年生にもすごい子たちはいますけど。,这也太……虽然新生里确实有不少出色的孩子。
adv_event_005_main-05.txt,58,2,1,夏に間に合いそうなのは、それこそ\n花海、月村、秦谷くらいだろう。,能在夏天前赶上的，恐怕只有花海、月村、秦谷这几个吧。
adv_event_006_main-04.txt,427,2,1,うん。\nこれならきっと、オッケー出るよ。,嗯。
adv_event_006_main-05.txt,389,2,1,『とても気持ちよくお昼寝\n　できました。』,「午睡睡得特别香甜。」
adv_event_006_main-05.txt,410,2,1,うん。大成功だったよ。\nふたりともがんばったね。,嗯。
adv_event_006_main-05.txt,522,2,1,では、次のアイデアを考える\nついでに……,那么，在构思下一个点子之前......
adv_event_007_main-01.txt,29,2,1,ふふっ、おふたりとも、\nありがとうございます。,呵呵，谢谢你们两位。
adv_event_007_main-01.txt,84,2,1,来園したお客さんを、\nおもてなしするお仕事ですわ。,负责招待来访游客的工作呢。
adv_event_007_main-01.txt,282,2,1,（お声をかけるのは、\n　勇気がいりますわ……）,(这里有认识的人吗——)
adv_event_007_main-01.txt,413,2,1,……なんだけど、昨日の夜に、\n熱出して倒れちゃって――,……但她昨晚突然发烧病倒了——
adv_event_007_main-02.txt,22,2,1,……はあ。よりにもよって、\nぽんこつと同じグループか。,……哈。偏偏和这个废柴同组。
adv_event_007_main-02.txt,69,2,1,学園での成績が平均になるように\n割り振ってるのかも。,按照在校成绩平均分配的吧。
adv_event_007_main-02.txt,438,2,1,私はことねの代わりで\nここに来たけど――,我虽然是代替琴音来的——
adv_event_007_main-02.txt,451,2,1,だから、あなたたちが、\nもしいい加減な仕事をしたら――,所以如果你们敢敷衍了事——
adv_event_007_main-03.txt,102,2,1,トリック・オア・トリート！\nお菓子をくれないとー……,不给糖就捣蛋！
adv_event_007_main-03.txt,153,2,1,心配してくださるのは\nありがたいことですけど、,虽然很感谢您为我担心，
adv_event_007_main-03.txt,278,2,1,トリック・オア・トリート！\nお菓子をくれないと――,不给糖就捣蛋！
adv_event_007_main-03.txt,375,2,1,私が一番のぽんこつじゃんとか、\n思ってるんでしょう！,你们肯定这么想吧！
adv_event_007_main-03.txt,462,2,1,ええっと、正直なところを\n申し上げますと――,那个…请允许我说句实话——
adv_event_007_main-03.txt,481,2,1,本当に怖がらせるつもりなんて、\nなかったんだけど……,我真的没想吓唬人啊…
adv_event_007_main-03.txt,507,2,1,苦手なことを無理に\nしようとするよりも、,与其勉强去做不擅长的事，
adv_event_007_main-04.txt,399,2,1,……なんであなたに教えなくちゃ\nいけないの？,...我凭什么要告诉你？
adv_event_007_main-05.txt,339,2,1,……うん。明かりがあれば、\n怖くない。,……嗯。
adv_event_007_main-05.txt,490,2,1,子供たちの泣き声が、\n止まりましたわ。,孩子们都停止哭泣了呢。
adv_event_008_main-02.txt,172,2,1,久しぶりに手毬ちゃんの生歌、\n聞けちゃいますよ～♪,可以听到手毬酱久违的现场演唱呢～♪
adv_event_008_main-02.txt,439,2,1,面白かったから動画撮っちゃった\nんですけど～。,因为太有趣了忍不住拍了视频～
adv_event_009_main-03.txt,208,2,1,……あ、えっと、\n気にしてないので……。,……没、没关系的……
adv_event_009_main-03.txt,351,2,1,ケーキ作りが得意だからって\nだけじゃないでしょ？,不只是因为擅长做蛋糕吧？
adv_event_009_main-03.txt,424,2,1,く、くすぐったいよ、\nことねちゃん……！,琴、琴音酱别挠我痒痒……！
adv_event_009_main-05.txt,375,2,1,（いや、確かにわりと\n大変だったかも！）,（不过确实挺辛苦的！）
adv_event_009_main-05.txt,627,2,1,どっちが美味しく作れるか、\n勝負だねっ！,来比比谁做得更好吃吧！
adv_event_010_main-01.txt,24,2,1,明後日のバレンタイン、千奈ちゃんは\n誰かにチョコあげるの？,后天情人节，千奈酱要送谁巧克力呀？
adv_event_010_main-01.txt,36,2,1,お爺様に手作りのチョコレートを\nさしあげようと思いますの。,准备亲手做巧克力送给爷爷呢~
adv_event_010_main-01.txt,48,2,1,昨年はお屋敷のメイドたちに\n手伝ってもらったのですけど……,去年是让宅邸的女仆们帮忙的...
adv_event_010_main-01.txt,54,2,1,今年は自分の力で挑戦して、\nお爺様を驚かせてみせますわ。,但今年我要凭自己的力量尝试，给爷爷一个惊喜~
adv_event_010_main-01.txt,86,2,1,ふっふー、あたしはねー……\nお姉ちゃん！,嘿嘿，我啊...要送给姐姐！
adv_event_010_main-01.txt,103,2,1,毎年、お姉ちゃんと一緒に\nチョコを作ってー、交換するんだっ！,每年都和姐姐一起做巧克力交换哦！
adv_event_010_main-01.txt,115,2,1,佑芽、どっちのチョコが美味しいか、\n勝負よっ！,佑芽，来比比看谁的巧克力更好吃！
adv_event_010_main-01.txt,132,2,1,昔は勝負もしてたんだけど、\nぜんっぜんかなわないから、,以前确实比试过，但完全赢不了...
adv_event_010_main-01.txt,136,2,1,今はお姉ちゃんに\n教えてもらってるんだぁ。,现在都是让姐姐教我的~
adv_event_010_main-01.txt,145,2,1,……ふふ、おふたりとも、\nなんの話をしているんですか？,......呵呵，你们两位在聊什么呢？
adv_event_010_main-01.txt,153,2,1,秦谷さん。明後日のバレンタインの\nことを話していましたの。,秦谷同学。我们在说后天的情人节~
adv_event_010_main-01.txt,175,2,1,中等部の頃は、渡し合っていましたね。\nユニットのメンバー同士で。,初中时会在组合成员间互送呢。
adv_event_010_main-01.txt,179,2,1,まりちゃん、太るからって、\n最初は断るんですけど……,小毬总说会发胖所以刚开始会拒绝...
adv_event_010_main-01.txt,186,2,1,……毎年、\nちゃんと受け取ってくれるんです。,...但每年最后都会收下哦。
adv_event_010_main-01.txt,189,2,1,まりちゃんも、下駄箱にこっそり、\nチョコを入れてくれていて……ふふ。,小毬也会偷偷把巧克力放进我的鞋柜...呵呵。
adv_event_010_main-01.txt,228,2,1,はい、なんでしょう？\n……って、ええっ！？,您好，请问...欸！？
adv_event_010_main-01.txt,230,2,1,チョコレートの作り方の本、\n全部借りていく。,所有巧克力制作的书，我全要借走。
adv_event_010_main-01.txt,235,2,1,『洋菓子大全』\n『プロフェッショナルの技法』……,《西点大全》《专业烘焙技法》...
adv_event_010_main-01.txt,240,2,1,ほ、本当に全部ですか？\n30冊以上ありますけど。,真、真的全部吗？有三十多本哦...
adv_event_010_main-01.txt,248,2,1,いえ、そうじゃなくて……\nひとりで持てますか？,不是这个问题...您一个人拿得动吗？
adv_event_010_main-01.txt,261,2,1,……んっ……ん……\nんんんっ……！,...嗯...嗯...嗯嗯...！
adv_event_010_main-01.txt,263,2,1,え？　ちょ、ちょっと、\nほんとに大丈夫ですかーっ！？,等等！真的没问题吗！？
adv_event_010_main-01.txt,286,2,1,……ふぅ。だいたいわかった。\nあとは理論通り作るだけ。,...呼。大致明白了。接下来按理论制作就行。
adv_event_010_main-01.txt,319,2,1,……あれ？　\nなんだか、焦げ臭い匂いが……,...咦？好像有焦糊的味道...
adv_event_010_main-02.txt,172,2,1,ふふ、究極のチョコレートを\n作るために……,呵呵，为了制作究极巧克力......
adv_event_010_main-03.txt,129,2,1,ええ。テーブルの上が\n山になるほど頂くわ。,嗯，多到堆满整张桌子呢。
adv_event_010_main-05.txt,125,2,1,1曲分くらいの時間なら、\n使わせてもらえそうなのだけど、,大概够唱一首歌的时长，
adv_event_011_main-02.txt,196,2,1,ええっ！？\nそうだったんですの！？,诶！？
adv_event_011_main-02.txt,425,2,1,でも、わたくしに、そういう力が\nあるというのが本当であれば――,但如果我真的拥有这样的能力——
adv_event_011_main-04.txt,480,2,1,だからわたくし、\n考えましたの――,所以人家想到了——
adv_event_011_main-04.txt,546,2,1,そ、そんなに多い台詞量じゃ、\nないですし……,又、又不是特别长的台词量……
adv_event_011_main-05.txt,45,2,1,突然の提案を受け入れていただき、\nありがとうございました。,感谢您能接受我们突然的提议。
adv_event_011_main-05.txt,385,2,0,ライブ終了後。\n打ち上げの席にて。 hide=true,
adv_event_012_main-01.txt,205,2,1,それにしても、咲季っちも付き合いが\n良くなってきたね～。,话说回来，咲季也变圆滑了呢～
adv_event_012_main-01.txt,284,2,1,……や、それが間違ってるとは\n思ってないよ。実際――,...我、我不是说这样不对啦。实际上——
adv_event_012_main-02.txt,417,2,1,……清夏ちゃん。ダンスレッスン、\nなんでサボったの？,……清夏。
adv_event_012_main-02.txt,462,2,1,……清夏ちゃん。\n今日も、全体レッスンいなかったよね？,……清夏。
adv_event_012_main-04.txt,470,2,1,じゃあ、あたしちょっとトイレに\n行ってくるね～！,那我先去趟洗手间哦~！
adv_event_012_main-05.txt,469,2,1,うん！\n一緒に行こう、清夏ちゃん！,嗯！
adv_event_013_main-01.txt,67,2,1,好きなアイドルの全国ツアーを\n追いかけていたから。,以前是为了追喜欢偶像的全国巡演。
adv_event_013_main-01.txt,156,2,1,私はべつにそういったものを\n否定するつもりはない。,我并非要否定这种行为。
adv_event_013_main-01.txt,240,2,1,クラスのみんなが\nバチバチに火花を散らして、,全班同学火花四溅地争吵，
adv_event_013_main-02.txt,200,2,1,本当に暮らしていたんだと思うと、\n浪漫を感じるよ。,就觉得很浪漫。
adv_event_013_main-02.txt,448,2,1,抹茶ラテくらいかなって、\n想像してたんだ。,我还以为大概跟抹茶拿铁差不多......
adv_event_013_main-04.txt,415,2,1,もう、スターであることを、\nやめてしまったんだ。,已经不再是明星了。
adv_event_013_main-05.txt,225,2,1,いくら貴様といえど、\n自惚れがすぎるぞ。,就算是你也太自负了。
adv_event_013_main-05.txt,232,2,1,……私が、あの子たちを\nプロデュースするのは、,……我要培育那些孩子，
adv_event_013_main-05.txt,436,2,1,ああ。これは、お祈りじゃなくて、\n神様と自分への宣言だよ。,嗯。
adv_event_013_main-05.txt,615,2,1,（成長させてくれる、\nなにかがあるとすれば――）,（还有什么能让我继续成长的话——）
adv_pevent_001_amao_activity_015.txt,73,2,1,歌にしてしまえば覚えやすいと\n思います。,我觉得编成歌曲会比较容易记住。
adv_pevent_001_amao_activity_015.txt,82,2,1,じゃあ、試しにちょっと作って\nみましょうか。,那...我先试着编一小段看看吧。
adv_pevent_001_amao_activity_020.txt,9,2,1,寮では、クラスの人と話したり\nするんですか？,在宿舍里会跟同班同学聊天吗？
adv_pevent_001_amao_activity_020.txt,64,2,1,そんなに変わったことは\n話してないと思いますよ。,倒也没聊什么特别出格的事啦。
adv_pevent_001_amao_school_001.txt,14,2,1,今から教える力を鍛えて\nおきましょう♪,现在就来锻炼你的学习能力吧♪
adv_pevent_001_amao_school_004.txt,6,2,1,アイドルは芸能界という業界の\nいち職業と言えますよね？,偶像可以说是演艺圈这个行业中的一种职业对吧？
adv_pevent_001_amao_school_004.txt,11,2,1,仕事とするからには、一人前としての\n責任を負うことにもなりますし……,既然将其作为职业，就意味着要承担起作为专业人士的责任...
adv_pevent_001_amao_school_004.txt,16,2,1,楽しい経験だけとは限りません。\n辛いこともたくさん経験するでしょう。,并不只有愉快的经历，肯定也会经历很多艰辛的事情。
adv_pevent_001_amao_school_004.txt,20,2,1,アイドルが辛い経験をしたとき、\nどんなサポートができると思いますか？,你觉得当偶像遇到困难时，我们能提供什么样的支持呢？
adv_pevent_001_amao_school_004.txt,25,2,1,辛い……アイドル活動を\n通じてのことですよね。,辛苦...是指偶像活动中遇到的事情对吧。
adv_pevent_001_amao_school_004.txt,29,2,1,彼女は強い人ですが、\n何度も壁に阻まれるでしょう。,她是个坚强的人，但肯定会多次碰壁。
adv_pevent_001_amao_school_004.txt,33,2,1,そんなとき、頼ることができる……\nそういう風にありたいですね。,这种时候希望能成为她可以依靠的...希望自己能做到这样。
adv_pevent_001_amao_school_004.txt,34,2,1,ひとりで戦える人はいませんからね。\nいい答えだと思います。,没有人能独自战斗。我觉得这是个很好的回答。
adv_pevent_001_amao_school_004.txt,40,2,1,有村さんのこと、しっかり\nサポートしてくださいね♪,请好好支持有村同学哦♪
adv_pevent_001_amao_school_004.txt,43,2,1,麻央さんは大きな挑戦をしています。\nそれに水をさしたくありません。,麻央正在进行重大挑战，我不想泼冷水。
adv_pevent_001_amao_school_004.txt,47,2,1,ですからサポートだと悟られない\nのが理想ですね。,所以理想状态是不让她察觉到的暗中支持。
adv_pevent_001_amao_school_004.txt,50,2,1,悩みがいつの間にか片付いている……\nそんな状態です。,在不知不觉中解决她的烦恼...就是这种状态。
adv_pevent_001_amao_school_004.txt,52,2,1,なるほど。なかなか難しいですが、\nチャレンジしがいがありそうです。,原来如此。虽然很有难度，但值得尝试呢。
adv_pevent_001_amao_school_004.txt,58,2,1,プロデューサーとして、\nしっかり支えてあげてくださいね！,作为制作人，请好好支持她吧！
adv_pevent_001_amao_school_004.txt,62,2,1,実際はそういうわけにもいきませんが\n心情的な意味で、です。,实际上可能做不到那么完美，但至少在情感层面上。
adv_pevent_001_amao_school_004.txt,66,2,1,どんなときでも味方だと\n思ってもらいたいですね。,希望让她觉得无论何时我都是站在她这边的。
adv_pevent_001_amao_school_004.txt,67,2,1,そうですね。アイドルにとって\n無条件で信じられる味方……,是啊。对偶像来说能无条件信赖的伙伴...
adv_pevent_001_amao_school_004.txt,73,2,1,それがプロデューサーとしての、\n究極の形かもしれません。,这或许就是制作人最理想的状态了。
adv_pevent_001_amao_school_004.txt,77,2,1,道のりは長いですが、\n先生も応援していますよー♪,路还很长，老师也会继续支持你的哦♪
adv_pevent_001_amao_school_006.txt,27,3,2,難しく考えなくていいと思います。\n絶対、聞いたことありますから。\n,不用想得太复杂啦。\n你肯定听说过的。
adv_pevent_001_amao_school_009.txt,26,2,1,プロデューサーも聞いたこと\nあるんじゃないですか？,制作人应该也听说过吧？
adv_pevent_001_fktn_activity_009.txt,7,2,1,1935円の35パーセントオフは\nいくらですか？,1935円打35折是多少钱？
adv_pevent_001_fktn_activity_009.txt,31,3,2,いやでも、細かい金額の割引計算\nなんて、そうそうできませんよ。\n,不过像这种零头折扣的计算\n一般人还真做不到呢。
adv_pevent_001_fktn_activity_009.txt,76,2,1,あたしは、アイドルでがっぽり\n稼ぎたいんですッ！,因为我要当偶像赚大钱啊！
adv_pevent_001_fktn_activity_010.txt,42,2,1,なにかお返ししてやらなきゃな～って\n思ったんですよぉ。,我觉得必须得好好回礼才行呢～。
adv_pevent_001_fktn_school_008.txt,27,2,1,ドイツ語のアルバイトは\n仕事という意味です。,"德语中的""Arbeit""是""工作""的意思。"
adv_pevent_001_fktn_school_008.txt,44,2,1,英語ではパートタイム・ジョブ\nと言います。,"英语里说""part-time job""。"
adv_pevent_001_hrnm_activity_003.txt,4,2,1,姫崎さん、何かしてほしいことは\nありませんか？,姬崎小姐，有什么想让我为你做的事吗？
adv_pevent_001_hrnm_activity_009.txt,78,2,1,ギャップがあって、\nいいかもしれません。,说不定会很有反差萌。
adv_pevent_001_hrnm_activity_018-02.txt,48,2,1,オーディションに向けて、\n励みになりましたね。,这下对试镜更有干劲了吧。
adv_pevent_001_hrnm_activity_019.txt,60,2,1,だから私をプロデュース\nしてくれたの？,所以才会来培育我吗？
adv_pevent_001_hrnm_school_002.txt,60,2,1,引き続き、絆を強めて\nいってくださいね。,请继续加深这份羁绊吧。
adv_pevent_001_hrnm_school_011.txt,30,2,1,急に一緒にいられることに\nなったからかな？　ふふっ。,是因为突然能和你待在一起的缘故吗？呵呵。
adv_pevent_001_hski_activity_008.txt,11,2,1,面倒くさい気持ちは\nわかりますよ。,我理解你觉得麻烦的心情。
adv_pevent_001_hski_activity_008.txt,14,2,1,散らかってるとストレスが\nたまるじゃない？,房间乱糟糟的不是会积累压力吗？
adv_pevent_001_hski_activity_012.txt,4,2,1,まさか休みの日まで歌うとは\n思ってなかったわね……,没想到连休息日都要唱歌呢......
adv_pevent_001_hski_activity_020.txt,14,2,1,じゃあスポーツ用品店に\n行きましょっ♪,那我们去运动用品店吧♪
adv_pevent_001_hski_school_002.txt,19,2,1,って、こんなのじゃなくて\nアイドルとしてですよね。,啊不是这个，是说作为偶像的烦恼对吧。
adv_pevent_001_hski_school_002.txt,49,2,1,ですから、次にこんな状況になった\nときのために。,所以是为了下次再遇到这种情况时做准备。
adv_pevent_001_hski_school_002.txt,52,3,2,それ、今からわたしに教わって\nおきたいってこと？\n,你的意思是现在就要跟我学按摩？\n
adv_pevent_001_hski_school_002.txt,107,2,1,教えることでトレーニングへの理解も\n深まりますし……,通过教学也能加深对训练的理解……
adv_pevent_001_hski_school_004.txt,52,2,1,そんな時はどういう言葉を選ぶかも\n大事になってきますが……,这种时候说话方式很重要...
adv_pevent_001_hume_activity_001.txt,50,2,1,クイズにも答えるためのテクニックが\nあるらしいですよ。,听说回答猜谜题也是有技巧的哦。
adv_pevent_001_hume_activity_009.txt,5,2,1,今日はライブを見に行くって\n本当ですかっ！？,今天要去看演唱会是真的吗！？
adv_pevent_001_hume_activity_009.txt,11,2,1,はい。学園のツテで\nチケットを手に入れました。,嗯。通过学校的关系拿到了门票。
adv_pevent_001_hume_activity_014.txt,5,2,1,とゆーわけで、お姉ちゃんへの\nプレゼントを買いますっ！,所以说——我要给姐姐买礼物啦！
adv_pevent_001_hume_activity_014.txt,13,2,1,プロデューサーさんって、\n大学生じゃないですか！,制作人不是大学生嘛！
adv_pevent_001_hume_activity_014.txt,16,2,1,センスのいいプレゼントで、\nお姉ちゃんをビックリさせてください！,用超有品位的礼物让姐姐大吃一惊吧！
adv_pevent_001_hume_activity_014.txt,62,2,1,でもあたしとお姉ちゃんを\nイメージした花かー。,不过要象征我和姐姐的花啊...
adv_pevent_001_hume_activity_018-01.txt,13,2,1,そんなに意気込む必要は\nありませんよ。,不用这么紧张啦~
adv_pevent_001_hume_activity_019.txt,67,2,1,厳しいところは真似しなくて\nいいですからねっ！,严厉的部分就不用学啦！
adv_pevent_001_hume_activity_020.txt,50,2,1,将来のトップアイドルが\n誕生しないところでした。,差点就错过了未来的顶级偶像呢。
adv_pevent_001_hume_school_004.txt,64,2,1,たくさん聞いて、\nたくさん知ってもらいましょう♪,就让她多听多学吧♪
adv_pevent_001_hume_school_009.txt,91,2,1,かんばせーしょん……って、\n何でしたっけ？,conversation...是什么来着...？
adv_pevent_001_jsna_activity_002.txt,5,2,1,……生徒会メンバーへの\n差し入れですか？,……这是给学生会成员的慰问品吗？
adv_pevent_001_jsna_activity_002.txt,11,2,1,ええ。莉波や美鈴がたまに\nお菓子を持ってきてくれるのだけれど、,嗯。莉波和美铃偶尔会带点心过来，
adv_pevent_001_jsna_activity_002.txt,17,2,1,もらってばかりじゃ\n申し訳ないじゃない？,总是收下的话有点过意不去呢？
adv_pevent_001_jsna_activity_002.txt,22,2,1,ありがとう。けれどそうではなく、\nあなたから意見をもらいたいの。,谢谢。不过不是这个，是想听听你的建议。
adv_pevent_001_jsna_activity_002.txt,30,2,1,でしたら、定番のクッキーなどは\nいかがでしょう。,如果是这样，推荐经典款的曲奇如何？
adv_pevent_001_jsna_activity_002.txt,38,2,1,私もそう思ったのだけれど……\nさすがに定番すぎないかしら？,我也这么想过...但会不会太普通了？
adv_pevent_001_jsna_activity_002.txt,40,2,1,定番ということは、それだけ喜ぶ人が\n多いということですよ。,经典款正说明喜欢的人多呀。
adv_pevent_001_jsna_activity_002.txt,43,2,1,それに、どんな差し入れだろうと、\nその気持ち自体が嬉しいものです。,而且无论送什么慰问品，这份心意本身就很让人高兴。
adv_pevent_001_jsna_activity_002.txt,45,2,1,フフ……その通りね。\n今回はクッキーにしておくわ。,呵呵...你说得对。这次就选曲奇吧。
adv_pevent_001_jsna_activity_002.txt,51,2,1,他の方がお菓子を持ってくるのなら、\nそれに合う紅茶やコーヒーがよいかと。,如果其他人带点心来的话，搭配红茶或咖啡会比较好。
adv_pevent_001_jsna_activity_002.txt,59,2,1,たしかに、あまりお菓子ばかりでも\n困るものね。,确实，光收点心也会困扰呢。
adv_pevent_001_jsna_activity_002.txt,61,2,1,ええ。飲み物なら、お菓子がなくても\n差し入れとして成立しますし。,嗯。饮料的话，就算没有点心也能单独作为慰问品。
adv_pevent_001_jsna_activity_002.txt,65,2,1,そういうことなら、\n紅茶とコーヒーと……,这样的话，红茶和咖啡都要准备...
adv_pevent_001_jsna_activity_002.txt,71,2,1,あと、美鈴は和菓子も持ってくるし、\n緑茶なんかがいいかしら。,对了，美铃还会带和菓子来，是不是也该准备绿茶？
adv_pevent_001_jsna_activity_002.txt,80,2,1,お手軽ですし、\n種類が多ければ盛り上がるかな、と。,因为很方便，而且种类多的话气氛会更热闹。
adv_pevent_001_jsna_activity_002.txt,83,2,1,あと、駄菓子の大人買いは\nテンションが上がります。,还有一次性买很多怀旧零食会让人特别兴奋。
adv_pevent_001_jsna_activity_004.txt,23,2,1,今日はどんな曲を練習したら\nいいかしら？,今天该练习什么歌呢？
adv_pevent_001_jsna_activity_004.txt,53,2,1,個人的に聴いたりすることは\nあるんですか？,私下会听这种类型的歌吗？
adv_pevent_001_jsna_activity_006.txt,6,2,1,星南さんは幼い頃からエリート教育を\n受けてきたんですよね？,星南从小就接受精英教育对吧？
adv_pevent_001_jsna_activity_011.txt,63,2,1,1ヶ所ではないので、正確には\n違いますが……,严格来说不算固定地点......
adv_pevent_001_jsna_activity_012.txt,56,2,1,ふふ……そのあかつきには\nことねを……,呵呵...到时候就把琴音也...
adv_pevent_001_jsna_activity_017-01.txt,15,2,1,どうやら商店街スタンプラリー\nというものをやっているみたいですよ。,好像是在举办商店街集章活动。
adv_pevent_001_jsna_school_003.txt,5,2,1,十王さんは、学園トップの実力を持つ\nアイドルです。,十王同学是学院实力顶尖的偶像。
adv_pevent_001_jsna_school_004.txt,5,2,1,十王さんはすでに『<r\=プリマステラ>一番星</r>』を\n取った実力者です。,十王同学已经是获得过『一番星』称号的实力派了。
adv_pevent_001_jsna_school_004.txt,11,2,1,きみのことですから、萎縮したりは\nしないと思いますけど……,不过以你的性格，应该不会因此畏手畏脚吧......
adv_pevent_001_jsna_school_004.txt,16,2,1,そんな担当アイドルと接するにあたって\n気をつけていることはありますか？,在与这样特殊的担当偶像相处时，你有什么特别注意的事项吗？
adv_pevent_001_jsna_school_004.txt,22,2,1,なにが正解ということはないので、\n気楽に答えてみてください。,这个问题没有标准答案，请放轻松回答就好。
adv_pevent_001_jsna_school_006.txt,89,2,1,一面に載るのも\n悪くないけれど。,上头版也不错呢。
adv_pevent_001_jsna_school_007.txt,5,2,1,十王さんは紅茶を飲むことが\n多いようですね。,十王先生好像经常喝红茶呢。
adv_pevent_001_jsna_school_007.txt,11,2,1,紅茶には健康に嬉しい成分が、\nたくさん含まれているんです。,红茶里含有很多对健康有益的成分哦。
adv_pevent_001_jsna_school_007.txt,14,2,1,特に、リラックス効果があると\nいう話はよく聞きますよね♪,特别是放松效果，经常能听到这种说法呢♪
adv_pevent_001_jsna_school_007.txt,21,2,1,では、リラックス効果があるのは、\nどのような成分でしょう？,那么，具有放松效果的是哪种成分呢？
adv_pevent_001_jsna_school_007.txt,29,2,1,正解です！　もしかして、\n十王さんに聞いていましたか？,答对了！该不会是从十王先生那里听来的吧？
adv_pevent_001_jsna_school_007.txt,35,2,1,テアニンは紅茶の渋みの奥にある\nうまみや甘みをかもし出す成分です。,茶氨酸是能激发红茶涩味背后鲜味和甜味的成分。
adv_pevent_001_jsna_school_007.txt,39,2,1,ふたりとも、\n日々忙しく過ごしているでしょうし……,你们两个平时应该都很忙碌吧...
adv_pevent_001_jsna_school_007.txt,42,2,1,一緒に紅茶を飲んでリラックスするのも\nいいかもしれませんね♪,一起喝红茶放松也是个不错的选择呢♪
adv_pevent_001_jsna_school_007.txt,55,2,1,タンニンも紅茶に含まれる代表的な\n成分ではありますね。,单宁酸也是红茶中含有的代表性成分呢。
adv_pevent_001_jsna_school_007.txt,63,2,1,風邪を引かないように、予防として\n紅茶を飲むのもいいかもしれませんね。,为了预防感冒，喝点红茶也不错哦。
adv_pevent_001_jsna_school_007.txt,69,2,1,アイドルも、プロデューサーも\n健康が第一です♪,偶像和制作人都要以健康为重♪
adv_pevent_001_jsna_school_007.txt,73,2,1,それは紅茶ではなく、\n角砂糖に入っている成分では……？,这个成分不是在红茶里，而是在方糖里...？
adv_pevent_001_jsna_school_007.txt,84,2,1,糖分は大切なエネルギー源ですが、\n摂りすぎには要注意ですよ！,糖分虽然是重要的能量来源，但要注意别过量摄入哦！
adv_pevent_001_jsna_school_007.txt,94,2,1,健康を害してしまっては、\n元も子もありませんからね！,要是损害了健康可就本末倒置了！
adv_pevent_001_jsna_school_009.txt,129,2,1,しっかりしてちょうだい、\nと言いたいところだけど……,"本来想对你说""请振作一点""..."
adv_pevent_001_kcna_activity_004.txt,8,2,1,倉本さんにとって、お手本に\nしている人はいますか？,对仓本小姐来说，有作为榜样的偶像吗？
adv_pevent_001_kcna_activity_008.txt,29,2,1,えっ……！\nそ、それは……,诶……！这、这个……
adv_pevent_001_kcna_activity_012.txt,4,2,1,先生、わたくしのプロデュース、\nいつもありがとうございます。,制作人先生，感谢您一直以来的培育！
adv_pevent_001_kcna_school_001.txt,28,2,1,といってもわたくし、\nお恥ずかしながら……,不过说来惭愧......
adv_pevent_001_kcna_school_010.txt,12,2,1,きみも負けないようにしないと\nいけませんね。,你也不能输给她才行哦。
adv_pevent_001_kcna_school_010.txt,36,2,1,そこが一番安心できる席、\nということですね。,因为那里是最让人安心的座位呢。
adv_pevent_001_kllj_activity_010.txt,70,2,1,……こんなに真っ青な空が、\n見られたので……。,......能看到这么湛蓝的天空......。
adv_pevent_001_kllj_activity_011.txt,25,2,1,……センパイもリクエスト、\nありますか？,......前辈也要点单吗？
adv_pevent_001_kllj_activity_012.txt,96,2,1,……では、葛城さんに\n注文してもらいましょうか。,...那让葛城来点单吧？
adv_pevent_001_kllj_activity_015.txt,39,2,1,本番では恥ずかしがって\nいられないですよ。,正式演出时可没时间害羞哦。
adv_pevent_001_kllj_activity_016.txt,29,2,1,気のおけない関係なのが\n伝わってきます。,能感受到你们毫无隔阂的关系呢。
adv_pevent_001_kllj_activity_019.txt,24,2,1,参考にされるほど、大したことを\nする予定はないのですが……,我的计划可能没什么参考价值……
adv_pevent_001_kllj_school_005.txt,31,2,1,だから積極的に人を助けようという\nことわざだな。,这是鼓励大家积极助人的谚语。
adv_pevent_001_shro_activity_005.txt,4,2,1,今日は行きたいところが\nあるということですが。,听说你今天有想去的地方？
adv_pevent_001_shro_activity_007.txt,41,2,1,確か……シミュラクラ効果、\nでしたっけ？,这个现象......是叫空想性错视对吧？
adv_pevent_001_shro_school_004.txt,11,3,2,自分の意見をしっかり言える人ですが、\n悩みがないわけではないと思います。\n,虽然她是个能明确表达自己想法的人，\n但我觉得她并非没有烦恼。
adv_pevent_001_shro_school_004.txt,62,3,2,実際、悩みの原因は\n様々ですからね。\n,确实，烦恼的成因\n各不相同呢。
adv_pevent_001_shro_school_004.txt,74,3,2,篠澤さんのこと、\n気にかけてあげてくださいね。\n,请多关照\n筱泽小姐哦。
adv_pevent_001_shro_school_008.txt,45,2,1,それでは結局、人間の言うことがわかる\nことになりますよ。,那说到底还是能理解人话啊。
adv_pevent_001_ssmk_activity_001.txt,72,2,1,ちょっとー、Pっちの好きな\nアングルじゃなくて～……,喂喂~不要选你喜欢的角度啦~
adv_pevent_001_ssmk_activity_014.txt,75,2,1,確かに、葛城さんにとても\n似合っていますね。,确实非常适合葛城小姐呢。
adv_pevent_001_ssmk_activity_019.txt,5,2,1,清夏さんは海外の言語を\n喋ることはできますか？,清夏你会说外语吗？
adv_pevent_001_ssmk_activity_019.txt,80,2,1,いくらなんでも気が\n早すぎるってー！,这也想得太远了吧！
adv_pevent_001_ssmk_school_010.txt,75,2,1,それと間違えちゃったのかも\nしれませんね。,可能是和那些作品搞混了吧。
adv_pevent_001_ttmr_activity_004.txt,55,2,1,天然水とミネラルウォーターの\nどちらがいいですか？,要天然水还是矿泉水？
adv_pevent_001_ttmr_activity_010.txt,17,2,1,マッサージ……って、\n必要なんですか？,按摩...真的有必要吗？
adv_pevent_001_ttmr_activity_011.txt,16,2,1,ああ、念のため折り畳み傘を\n持ってきてます。,啊，以防万一我带了折叠伞。
adv_pevent_001_ttmr_activity_018-02.txt,33,2,1,でも、止めないでくれて\nありがとうございました。,不过，谢谢您没有阻止我。
adv_pevent_001_ttmr_activity_019.txt,62,2,1,そんな意地悪言わなくて\nいいじゃないですか！,不用说得这么坏心嘛！
adv_pevent_001_ttmr_school_005.txt,5,2,1,1たす1は2じゃなくて10だ、という\n比喩がある。,有个比喻说1加1不等于2而等于10。
adv_pevent_001_ttmr_school_005.txt,9,2,1,ふたりで協力することで、何倍もの\n成果を上げられるという意味だな。,意思是两个人合作能取得数倍的成果。
adv_pevent_001_ttmr_school_005.txt,10,2,1,ところが数学の世界でも、\n実際に1+1\=10が成り立つことがある。,不过在数学世界里，确实存在1+1=10的情况。
adv_pevent_001_ttmr_school_005.txt,11,2,1,月村、1+1\=10が成り立つのは\nどんなときだ？,月村同学，1+1=10在什么时候成立？
adv_pevent_001_ttmr_school_005.txt,12,2,1,（どんなときって……漫画でしか\n　知らないんだけど）,（什么时候...我只在漫画里知道过）
adv_pevent_001_ttmr_school_005.txt,20,2,1,（プロデューサーが言ってたっけ？\n　思い出せ、思い出せ……）,（制作人说过吗？快想起来...）
adv_pevent_001_ttmr_school_005.txt,32,2,1,2進数は0と1だけで全ての数字を\n表すから、1の次は10になるんだ。,二进制只用0和1表示所有数字，所以1的下一位就是10。
adv_pevent_001_ttmr_school_005.txt,33,2,1,まあ読み方は「いちぜろ」だから、\n「じゅう」とは別の数字なんだが。,"不过读作""一零""，和""十""是不同的数字。"
adv_pevent_001_ttmr_school_005.txt,34,2,1,（……10じゃないってこと！？\nなにこの問題！？）,（...原来不是10啊！？这什么问题啊！？）
adv_pevent_001_ttmr_school_005.txt,45,2,1,（でもプロデューサーのお陰で、\n　間違えずにすんだな……）,（不过多亏制作人，我才没答错...）
adv_pevent_001_ttmr_school_005.txt,48,2,1,進数という考えに至ったのは\nいいが、それは普通の数だ。,能想到进制概念是好的，但那是普通数字。
adv_pevent_001_ttmr_school_005.txt,50,2,1,答えは2進数。\nこれは数字を0と1の2つで表す。,正确答案是二进制。这是用0和1两个数字表示的方法。
adv_pevent_001_ttmr_school_005.txt,51,2,1,10進数は0から9までの10個の\n数字を使う、というわけだ。,十进制则是使用0到9共十个数字。
adv_pevent_001_ttmr_school_005.txt,52,2,1,（……アイドルの実力には\n　関係ないよね）,（...这和偶像实力没关系吧）
adv_pevent_001_ttmr_school_005.txt,59,2,1,（というか、なんで2進数だと\n　そうなるの……？）,（而且为什么二进制会这样...？）
adv_pevent_001_ttmr_school_005.txt,64,2,1,……ん？　まあいい。\n答えは2進数だ。,...嗯？算了。答案是二进制。
adv_pevent_001_ttmr_school_005.txt,66,2,1,2進数は1と0だけで数字を表す。\nだから1の次は10になるんだ。,二进制只用1和0表示数字。所以1后面就是10。
adv_pevent_001_ttmr_school_005.txt,67,2,1,ところで聞き間違いかもしれないが、\n今、なんて答えた？,对了可能我听错了，你刚才回答了什么？
adv_pevent_001_ttmr_school_005.txt,78,2,1,（な、なんで円周率なんて\n　言っちゃったの……！）,（为、为什么我会说出圆周率啊...！）
adv_pevent_001_ttmr_school_007.txt,32,2,1,これはわたしがそうかなって\n思ってるだけですけどね。,虽然这只是我个人的猜测啦。
adv_pevent_002_amao_sales_2-003-01.txt,11,2,1,はい！　確かなにかのイベントを\n宣伝するんですよね。,好的！是要宣传某个具体的活动对吧。
adv_pevent_002_amao_sales_2-003-02.txt,11,2,1,はい！　確かなにかのイベントを\n宣伝するんですよね。,好的！是要宣传某个活动对吧。
adv_pevent_002_amao_sales_2-004-02.txt,23,2,1,……ボクは、ボクが経験したことしか\n話せませんからね。,...我只能说出自己亲身经历过的事情呢。
adv_pevent_002_fktn_sales_2-001-01.txt,35,2,1,いつカメラに撮られてもいいように、\n準備しときますねっ♪,我会随时做好被镜头拍到的准备♪
adv_pevent_002_fktn_sales_2-001-02.txt,35,2,1,いつカメラに撮られてもいいように、\n準備しときますねっ♪,我会做好随时被镜头拍到的准备♪
adv_pevent_002_fktn_sales_2-002-02.txt,12,2,1,はいっ、イベントの盛り上げ役\nがんばってきまぁす♪,好~我会努力当好活动气氛组的♪
adv_pevent_002_fktn_sales_2-003-01.txt,9,2,1,今日は、天川観光大使就任イベントに\n登壇していただきます。,今天您将出席天河市观光大使就任活动。
adv_pevent_002_fktn_sales_2-003-02.txt,9,2,1,今日は、天川観光大使就任イベントに\n登壇していただきます。,今天将邀请您出席天河观光大使就任仪式。
adv_pevent_002_fktn_sales_2-003-02.txt,30,2,1,観光大使藤田ことねの存在を、\nアピールすることができたな……！,成功宣传了观光大使藤田琴音的存在感呢......！
adv_pevent_002_fktn_sales_2-003-02.txt,43,2,1,観光大使藤田ことねの存在を、\nアピールすることができたな……！,成功宣传了观光大使藤田琴音的存在感呢......！
adv_pevent_002_fktn_sales_2-003-02.txt,56,2,1,観光大使藤田ことねの存在を、\nアピールすることができたな……！,成功宣传了观光大使藤田琴音的存在感呢......！
adv_pevent_002_fktn_sales_3-004-02.txt,13,2,1,どのコースか選んでいいって\n言われたんですケド……,工作人员说可以自由选择课程...
adv_pevent_002_fktn_sales_3-006-01.txt,9,2,1,今日はキャンプ場のレポート動画を\n撮影します。,今天要拍摄露营地的报道视频哦！
adv_pevent_002_fktn_sales_4-003-01.txt,8,2,1,今日は来てくれて、\nありがとうございまぁ～すっ♪,今天能来真是太感谢啦～♪
adv_pevent_002_fktn_sales_4-005-01.txt,13,2,1,はいっ、どのゲームをしたいかって\n聞かれたんですケド……,那个...虽然制作组问我想玩什么游戏...
adv_pevent_002_fktn_sales_4-005-02.txt,13,2,1,はいっ、どのゲームをしたいかって\n聞かれたんですケド……,那个…他们问我想玩什么游戏…
adv_pevent_002_hrnm_sales_1-001-01.txt,35,2,1,こんにちは、よかったらこのドリンク\n飲んでみてください！,你好，要不要尝尝这款饮料呢？
adv_pevent_002_hrnm_sales_2-001-02.txt,31,2,1,ボランティアの方たちと\nすっかり打ち解けていたな、さすがだ。,和志愿者们相处得真融洽，不愧是你。
adv_pevent_002_hrnm_sales_2-001-02.txt,44,2,1,ボランティアの方たちと\nすっかり打ち解けていたな、さすがだ。,和志愿者们相处得真融洽，不愧是你。
adv_pevent_002_hrnm_sales_2-001-02.txt,57,2,1,ボランティアの方たちと\nすっかり打ち解けていたな、さすがだ。,和志愿者们相处得真融洽，不愧是你。
adv_pevent_002_hrnm_sales_2-003-02.txt,10,2,1,今日は、天川観光大使就任イベントに\n登壇していただきます。,今天要出席天河观光大使的就任活动哦。
adv_pevent_002_hrnm_sales_3-001-02.txt,15,2,1,いいですね、イメージビデオの撮影中も\n今のように自然に過ごしてください。,真不错呢，拍摄形象视频时也请像现在这样保持自然状态。
adv_pevent_002_hrnm_sales_3-001-02.txt,31,2,1,いいね、地元をのんびり歩くとき\nみたいで気持ちよさそう。,真棒，就像在家乡悠闲散步时那样，感觉会很舒服呢。
adv_pevent_002_hrnm_sales_3-001-02.txt,44,2,1,楽しそうだね、四つ葉のクローバーとか\nもしかしたら見つけられるかも。,好有趣的样子，说不定还能发现四叶草什么的。
adv_pevent_002_hrnm_sales_3-001-02.txt,60,2,1,いいかも。こんな場所で読書できたら、\nきっとすごく気持ちいいよね。,这个主意不错。在这种地方读书的话，一定会特别惬意吧。
adv_pevent_002_hrnm_sales_3-002-01.txt,7,2,1,お仕事でマッサージを\n受けられるなんて……いいのかなぁ。,在工作时还能享受按摩...这样真的可以吗？
adv_pevent_002_hrnm_sales_3-003-01.txt,30,2,1,そっか、楽しい気持ちで水族館を\n回れるように読んでみるね。,原来如此，那我就试着用让人开心逛水族馆的感觉来读吧。
adv_pevent_002_hrnm_sales_3-006-01.txt,8,2,1,今日はキャンプ場のレポート動画の\n撮影だよね。,今天是拍摄露营地报道视频的日子呢。
adv_pevent_002_hrnm_sales_4-003-02.txt,21,2,1,お客さん、来てくれるかなって\nちょっと不安になっちゃって……,我有点担心会不会有客人来......
adv_pevent_002_hrnm_sales_4-005-01.txt,7,2,1,あのね。今日撮影する、動画サイトの\nゲーム番組なんだけど……,那个啊...今天要拍摄的是视频网站的游戏节目...
adv_pevent_002_hski_sales_3-001-01.txt,36,2,1,ええ、それには同意。\n佑芽なんか寝ちゃうのよね。,
adv_pevent_002_hski_sales_3-001-01.txt,49,2,1,まずは仕事！\n楽しむのはそれからよ！,
adv_pevent_002_hski_sales_3-005-02.txt,14,2,1,それはなにより。さて、今日の仕事\nですが、ここで――,那就好。那么今天的工作内容是——
adv_pevent_002_hski_sales_4-003-01.txt,6,2,1,握手会に咲季さんのファンが\n集まっていますね。,握手会上来了好多咲季的粉丝呢。
adv_pevent_002_hski_sales_4-003-02.txt,6,2,1,握手会に咲季さんのファンが\n集まっていますね。,握手会上来了好多咲季的粉丝呢。
adv_pevent_002_hume_sales_4-005-02.txt,5,2,1,今日は、動画サイトの\nゲーム番組の撮影ですよねっ！,今天要拍摄视频网站的游戏节目对吧！
adv_pevent_002_hume_sales_4-005-02.txt,23,2,1,力いっぱいパンチすればいいんですね！\nやってみます！,只要全力出拳就行了吧！我来试试看！
adv_pevent_002_hume_sales_4-005-02.txt,28,2,1,佑芽さんの魅力の詰まった、\nいい動画になったぞ……！,这段视频完美展现了佑芽的魅力呢……！
adv_pevent_002_hume_sales_4-005-02.txt,36,2,1,実際に戦う方が好きですけど、\nゲームでやるのも面白そうですねっ！,虽然我更喜欢实际对战，不过用游戏来玩也很有趣呢！
adv_pevent_002_hume_sales_4-005-02.txt,42,2,1,佑芽さんの魅力の詰まった、\nいい動画になったぞ……！,这段视频完美展现了佑芽的魅力呢……！
adv_pevent_002_hume_sales_4-005-02.txt,51,2,1,普通のバスケみたいにシュート\nするんだ～これならできそうです！,像普通篮球一样投篮就行啦～这个我肯定能行！
adv_pevent_002_hume_sales_4-005-02.txt,56,2,1,佑芽さんの魅力の詰まった、\nいい動画になったぞ……！,这段视频完美展现了佑芽的魅力呢……！
adv_pevent_002_jsna_sales_1-003-02.txt,5,2,1,私……インタビュアーの経験は\nあまりないのよね。,我......不太有采访的经验呢。
adv_pevent_002_kcna_sales_1-004-01.txt,4,2,1,倉本さん、ショーの司会進行\nお疲れ様です。,仓本小姐，节目主持工作辛苦了。
adv_pevent_002_shro_sales_2-002-01.txt,26,2,1,わかった。声が枯れるまで、\n呼び込んでくる、ね。,明白了。我会一直喊到嗓子沙哑为止。
adv_pevent_002_shro_sales_2-003-02.txt,9,2,1,今日は、天川観光大使就任イベントに\n登壇していただきます。,今天请您出席天川观光大使就任活动。
adv_pevent_002_shro_sales_2-003-02.txt,17,2,1,観光大使就任イベントって、\nなにをしたらいいの？,观光大使就任活动具体需要做什么？
adv_pevent_002_shro_sales_2-003-02.txt,32,2,1,篠澤さんが、天川での生活を\n楽しめているようでよかった……,看来篠泽小姐很享受在天川的生活呢...
adv_pevent_002_shro_sales_2-003-02.txt,46,2,1,篠澤さんが、天川での生活を\n楽しめているようでよかった……,看来篠泽小姐很享受在天川的生活呢...
adv_pevent_002_shro_sales_2-003-02.txt,59,2,1,篠澤さんが、天川での生活を\n楽しめているようでよかった……,看来篠泽小姐很享受在天川的生活呢...
adv_pevent_002_shro_sales_3-005-01.txt,15,2,1,CMの撮影……どんなことを、\n気を付ければいい？,CM拍摄……我该注意些什么？
adv_pevent_002_ssmk_sales_1-001-01.txt,29,2,1,配るだけじゃなくて、アピールも\n欠かさない……凄いな。,不仅是在派发，还不忘自我展示……真厉害。
adv_pevent_002_ssmk_sales_1-001-01.txt,43,2,1,配るだけじゃなくて、アピールも\n欠かさない……凄いな。,不仅是在派发，还不忘自我展示……真厉害。
adv_pevent_002_ssmk_sales_1-001-01.txt,57,2,1,配るだけじゃなくて、アピールも\n欠かさない……凄いな。,不仅是在派发，还不忘自我展示……真厉害。
adv_pevent_002_ssmk_sales_3-004-02.txt,5,2,1,清夏さん、身体の柔らかさに\n自身はありますか？,清夏，你觉得自己身体柔韧性好吗？
adv_pevent_002_ttmr_sales_3-001-01.txt,5,2,1,今日はここでイメージビデオの\n撮影、でしたっけ。,今天是在这里拍摄形象视频对吧？
adv_pstory_001_amao_after-audition-final-normal-04.txt,118,2,1,調子が悪かったのは、\nしかたありません。,状态不好也是在所难免。
adv_pstory_001_amao_after-step-1-normal-01.txt,72,2,1,今度はちゃんとした感想、\n聞かせてくださいね。,这次要好好说出感想哦。
adv_pstory_001_amao_after-step-1-normal-03.txt,63,2,1,ファンの皆さんは自然体の魅力をこそ\n求めていると思います。,但粉丝们想要的正是你自然的魅力。
adv_pstory_001_amao_after-step-1-normal-03.txt,102,2,1,麻央さんの好きなポーズなどは、\nありますか？,麻央有喜欢的姿势吗？
adv_pstory_001_amao_ending-normal-01.txt,28,2,1,ある程度のアドバイスは\nできると思いますが……,多少能给出一些建议...
adv_pstory_001_amao_ending-normal-03.txt,48,2,1,さしあたって、今の麻央さんに\nとくに必要なのは――,眼下麻央最需要的是——
adv_pstory_001_fktn_after-audition-final-failure-01.txt,75,2,1,そう覚悟して、\n挑戦しているように見えます。,看起来是这样呢。
adv_pstory_001_fktn_after-audition-final-failure-01.txt,86,2,1,信頼がなさすぎて、プロデューサー\nとしての自信が揺らぎそうです。,但对制作人太不信任，让我有点没自信了。
adv_pstory_001_fktn_after-audition-final-failure-01.txt,98,2,1,…………理解してくれるまで、\n何度でも言います。,…………我会说到你明白为止。
adv_pstory_001_fktn_after-audition-final-normal-03.txt,112,3,2,って、みんなに言いたいのに、\n今だと全力で言えないなぁって……\n,好想这样告诉大家，\n但现在的实力还说不出口……
adv_pstory_001_fktn_after-step-1-normal-01.txt,83,2,1,し、ししし、\n心臓止まったらどーすんのっ！,心、心跳太快会死掉的啦！
adv_pstory_001_fktn_opening-normal-01.txt,8,3,2,まずは、ありのままの実力を\n見せてください。\n,首先，请展现出你真实的实力吧。\n
adv_pstory_001_fktn_opening-normal-01.txt,11,3,2,……あんまり期待しないで\nくださいね～……？\n,……请不要对我抱太大期望哦～……？\n
adv_pstory_001_fktn_opening-normal-05.txt,8,2,1,藤田さん。預金通帳を\nのぞき込んでどうしました？,藤田小姐，你盯着存折看什么呢？
adv_pstory_001_hrnm_after-audition-final-normal-01.txt,62,2,1,もう一度、ステージに立つ勇気を\nもらえたんだ。,重新获得了站上舞台的勇气。
adv_pstory_001_hrnm_after-audition-final-normal-03.txt,73,2,1,うん、わかった。私を選んでくれた、\nきみを信じて――,嗯，明白了。我相信选中我的你——
adv_pstory_001_hrnm_after-audition-final-normal-03.txt,128,2,1,{user}くん……\nありがとう。,{user}君……
adv_pstory_001_hrnm_after-step-2-normal-02.txt,114,2,1,全体的にいい感じの\nパフォーマンスでしたが、,整体表演感觉不错，
adv_pstory_001_hrnm_after-step-2-normal-03.txt,95,2,1,これまでの妹キャラな私のファンを\nイメージしてたから、,之前总想着喜欢妹妹角色的那些粉丝，
adv_pstory_001_hrnm_after-step-2-normal-03.txt,102,2,1,具体的なファンの姿をイメージするのは\n難しいと思いますが――,具体想象粉丝形象确实很难——
adv_pstory_001_hrnm_ending-normal-01.txt,97,2,1,今日のステージの光景を\n覚えていてください。,请记住今天舞台上的光景。
adv_pstory_001_hrnm_ending-normal-04.txt,31,2,1,今回は様子を見ていましたが――\nもう少しレッスンを増やしても、,这次虽然只是在旁观察——
adv_pstory_001_hrnm_ending-normal-04.txt,87,2,1,ともあれ、今日はゆっくり\n休養してください。,总之今天请好好休息。
adv_pstory_001_hrnm_ending-normal-05.txt,59,2,1,{user}くん……\nありがとう。,{user}君……
adv_pstory_001_hski_after-audition-mid-normal-03.txt,51,2,1,咲季さんが自分で思っているよりも\nずっと……,咲季小姐的成长空间，
adv_pstory_001_hski_after-audition-mid-normal-03.txt,98,2,1,勘違いしないで。わたしはただ、\nあの子のお姉ちゃんとして――,别误会。我只是作为那孩子的姐姐——
adv_pstory_001_hski_after-step-1-normal-03.txt,75,2,1,アイドルとしてすべての能力が高い\nこのわたしだけど……,作为偶像各方面能力都很优秀的我......
adv_pstory_001_hski_after-step-2-normal-01.txt,45,2,1,いつもよりもさらに素晴らしい、\nという意味ですよ。,我是说比平时更加出色哦。
adv_pstory_001_hski_after-step-2-normal-02.txt,97,2,1,時には違う考えを\n認めることも必要ですよ。,但有时候也需要<br]接纳不同的意见哦。
adv_pstory_001_hski_before-audition-final-normal-01.txt,54,2,1,勝つか負けるか、ちっとも\nわからない……この感覚。,这种胜负难料的感觉...
adv_pstory_001_hume_after-audition-mid-normal-02.txt,135,2,1,そんなポジティブに受け取られるとは\n思いませんでした。,没想到能被这么积极地理解呢。
adv_pstory_001_hume_after-audition-mid-normal-03.txt,26,2,1,いつも、長くかかるんです。\nなのに、ずいぶん早いなって。,但是这次...比预想中快得多呢。
adv_pstory_001_hume_after-audition-mid-normal-03.txt,57,2,1,花海佑芽の最大の弱点を、\n克服できたわけですから。,花海佑芽最致命的短板。
adv_pstory_001_hume_after-audition-mid-normal-04.txt,63,2,1,はいっ！　お任せください、\nプロデューサーさん！,是！
adv_pstory_001_hume_before-audition-final-normal-01.txt,117,2,1,調子がいいのか悪いのか、\n自分でもわからないんですけど。,虽然不知道算是状态好还是不好，
adv_pstory_001_hume_ending-true-01.txt,119,2,1,あたしを勝てるようにしてくれて、\nありがとうございました！,谢谢你让我变得能够获胜！
adv_pstory_001_hume_ending-true-01.txt,133,2,1,あたしをプロデュース\nしてくれませんか！？,能请您培育我吗！？
adv_pstory_001_hume_ending-true-01.txt,148,2,1,あたし、プロデューサーさんのこと\n大好きですよっ！,我最喜欢制作人了！
adv_pstory_001_jsna_after-audition-mid-failure-01.txt,27,2,1,この結果に一番ショックを\n受けているのは、,最受打击的其实是——
adv_pstory_001_jsna_after-step-2-normal-02.txt,72,2,1,星南さん。……『可愛い』にも\n色々種類がありまして。,星南。
adv_pstory_001_jsna_after-step-2-normal-02.txt,128,2,1,後輩にカッコいいところ、\n見せたいものね。,要让后辈看到帅气的一面呢。
adv_pstory_001_jsna_ending-normal-02.txt,19,2,1,彼女をプロデュースしてあげる\nことはできないけれど。,没法亲自担任她的制作人。
adv_pstory_001_jsna_ending-true-01.txt,33,2,1,お気に召していただけたようで、\nなによりです。,您能喜欢真是太好了。
adv_pstory_001_kcna_after-audition-final-failure-01.txt,120,2,1,それなら、落ち込んでいる場合じゃ\nありませんわね。,这样的话，就没时间消沉了呢。
adv_pstory_001_kcna_after-audition-final-normal-02.txt,114,2,1,はいっ！　全人類は\nアイドルになるべきですわっ！,是的！
adv_pstory_001_kcna_after-audition-mid-normal-03.txt,101,2,1,鬼のようなトレーナーの\n指導を耐え忍び……,忍受着魔鬼训练师的指导...
adv_pstory_001_kcna_after-audition-mid-normal-03.txt,105,2,1,地獄のようなレッスンを\n続けてきたのですわ……！,坚持着地狱般的课程...！
adv_pstory_001_kcna_after-audition-mid-normal-03.txt,110,2,1,そ、それを言わないで\nくださいませぇ！,请、请不要说这种话啦！
adv_pstory_001_kcna_after-audition-mid-normal-03.txt,117,2,1,もちろん、わかっていますよ。\n本当に頑張りましたね。,当然明白。你真的非常努力了。
adv_pstory_001_kcna_after-audition-mid-normal-03.txt,121,2,1,なんでしょう……あまり褒められて\nいない気がしますわ。,怎么感觉...不像是夸奖呢。
adv_pstory_001_kcna_after-step-1-normal-03.txt,81,2,1,はいっ！　先生！\nよろしくお願いいたしますわ！,是的！
adv_pstory_001_kcna_ending-normal-02.txt,75,2,1,ですが、もちろん全力で臨むことを\nお約束いたしますッ！,但保证会全力以赴的！
adv_pstory_001_kcna_ending-normal-03.txt,44,2,1,ご自分が悪いかのように\nおっしゃいますわね。,把责任揽到自己身上呢。
adv_pstory_001_kcna_opening-normal-01.txt,7,2,1,まずは、倉本さんの実力を知ることから\nはじめさせてください。,首先，让我们先了解一下仓本小姐的实力吧。
adv_pstory_001_kllj_after-audition-final-normal-02.txt,27,2,1,まさか……そんなにいい成績だとは、\n思わなくて……。,但没想到......能获得这么高的评价......
adv_pstory_001_kllj_after-audition-mid-normal-01.txt,29,2,1,……実力って言われると、\n不思議な気持ちになります……。,……被说是实力，感觉有点不可思议呢……
adv_pstory_001_kllj_after-audition-mid-normal-04.txt,15,2,1,えっ？　……えええっ！？\nほ、本当ですか……！？,诶？......真、真的吗......！？
adv_pstory_001_kllj_after-audition-mid-normal-04.txt,103,2,1,うぅ……。\nが、頑張ります……！,呜......。
adv_pstory_001_kllj_ending-normal-01.txt,15,2,1,……てっきり疲れ切って\nいるかと思いましたが。,……我还以为你已经累得不行了呢。
adv_pstory_001_kllj_ending-normal-01.txt,20,2,1,……えへへ。もう動けないくらい\nへとへとなんですけど……,……嘿嘿。其实已经累到动弹不得了……
adv_pstory_001_kllj_ending-normal-01.txt,23,2,1,ライブのことを思いだしたら、\nつい、ほっぺがゆるんでしまって……。,但是一想起演唱会的场景，就忍不住嘴角上扬……
adv_pstory_001_kllj_ending-normal-04.txt,41,3,2,……センパイに見てもらえるって、\nあんなに、わくわくしてたのに……\n,......明明那么期待\n能让前辈看到的......
adv_pstory_001_kllj_ending-true-01.txt,58,2,1,センパイが、\n頑張り方を、教えてくれました。,教会了我努力的方法。
adv_pstory_001_kllj_ending-true-01.txt,145,2,1,プロデュースのおかげで葛城さんが\n頑張れると言うのなら――,如果说我的培育能让你更有干劲——
adv_pstory_001_shro_after-audition-final-normal-04.txt,110,2,1,ですから、褒めたいところでは\nあるのですが……,所以虽然很想表扬你......
adv_pstory_001_shro_after-audition-mid-normal-01.txt,61,2,1,やってきたことが、\n形になるのって、いい。,终于有了成果，这种感觉真好。
adv_pstory_001_shro_ending-normal-01.txt,45,2,1,顔色もごまかせないほど\n悪くなっていました。,脸色也差到没法掩饰的程度了。
adv_pstory_001_shro_ending-normal-01.txt,73,2,1,このライブのオーディションに\n合格したとき。,通过这次演唱会试镜的时候。
adv_pstory_001_shro_ending-normal-01.txt,74,2,1,うかつに褒めたせいで、篠澤さんの\nやる気を落としてしまいました。,因为不小心表扬过头，反而打击了篠泽小姐的干劲。
adv_pstory_001_shro_ending-normal-01.txt,80,2,1,いいえ。ただ、ダメなところが\n目についたので厳しくしただけですよ。,不是。只是因为看到了不足之处，才严格要求的。
adv_pstory_001_shro_ending-normal-03.txt,58,2,1,ですが、この状態を維持する\nつもりはありませんよ。,但我并不打算维持现状。
adv_pstory_001_shro_opening-normal-01.txt,5,3,2,さて……篠澤さん、いまの実力を\n見せていただけますか。\n,那么……篠泽小姐\n能让我看看你现在的实力吗？
adv_pstory_001_ssmk_after-audition-final-failure-01.txt,138,2,1,だから、清夏さんが諦めてる暇は\nありません。,所以没时间让你在这里说放弃。
adv_pstory_001_ssmk_after-audition-final-normal-04.txt,58,2,1,信用してないわけじゃ、\nないんだけどね～。,倒也不是不信任你啦~
adv_pstory_001_ssmk_after-audition-mid-normal-03.txt,30,2,1,……あたしのこと、\nよくわかってんね。,...你还真了解我呢。
adv_pstory_001_ssmk_after-step-1-normal-02.txt,102,2,1,無理にレッスンをしても意味が\nありませんから。,}强迫你训练也没有意义。
adv_pstory_001_ssmk_after-step-2-normal-02.txt,5,2,1,（清夏さんは、今日も個人レッスンを\nしているはず……）,（清夏今天应该也在进行个人训练……）
adv_pstory_001_ssmk_after-step-2-normal-03.txt,94,2,1,……あたしが踊れない理由、\n分かってるくせに。,……明明知道我不能跳舞的理由。
adv_pstory_001_ssmk_before-audition-final-normal-01.txt,33,2,1,うーん、やっぱりPっちには\nバレるんだよね～。,唔...果然瞒不过P呢~
adv_pstory_001_ssmk_before-audition-final-normal-01.txt,115,2,1,あなたの本当の実力を、\n見せつけてきてください。,去展现你真正的实力吧。
adv_pstory_001_ssmk_ending-normal-03.txt,107,2,1,それは、Pっちがあたしのこと\nプロデュースしてくれたからだし。,这都是因为P酱<br]愿意培育我啊。
adv_pstory_001_ssmk_ending-normal-04.txt,111,2,1,やる気になってくれたようで、\n良かったです。,能重新燃起干劲真是太好了。
adv_pstory_001_ssmk_ending-normal-05.txt,104,2,1,今は、そういうことに\nしておきましょう。,就当是这么回事吧。
adv_pstory_001_ssmk_ending-true-01.txt,37,2,1,迷惑をかけている自覚は\nあったんですね……,原来您有自知之明啊......
adv_pstory_001_ssmk_opening-true-01.txt,31,3,2,これからもちゃんと\nあたしのこと見ててよねっ！\n,以后也要好好\n关注人家才行哦！
adv_pstory_001_ssmk_opening-true-01.txt,37,3,2,えー！？　なーんでPっちは、\n素直に褒めてくれないかなぁ～？\n,哎～？为什么P君\n就是不肯老实夸夸我呢～？
adv_pstory_001_ttmr_after-audition-final-failure-01.txt,117,2,1,あくまでプロデューサーとして、\nですけど。,当然，仅限作为制作人。
adv_pstory_001_ttmr_after-audition-final-normal-01.txt,16,2,1,いままでにないくらい、\n強い手ごたえがあった。,这次感受到了前所未有的强烈成就感。
adv_pstory_001_ttmr_after-audition-final-normal-01.txt,24,2,1,だけど……これで\n満足するわけにはいかない。,但是......我可不能就此满足。
adv_pstory_001_ttmr_after-audition-final-normal-01.txt,31,2,1,あなたはトップアイドルに\nなるのだから。,因为你注定要成为顶级偶像啊。
adv_pstory_001_ttmr_after-audition-final-normal-01.txt,39,2,1,というわけで、\n手早く反省会を済ませましょう。,那么，我们快速进行复盘吧。
adv_pstory_001_ttmr_after-audition-final-normal-01.txt,42,2,1,最高のライブにするために、\n準備をしよう！,为了呈现最棒的演出，现在就开始准备！
adv_pstory_001_ttmr_after-audition-final-normal-01.txt,60,2,1,？　いいけど……\nなにをするんですか？,？可以是可以...要做什么？
adv_pstory_001_ttmr_after-audition-final-normal-01.txt,71,2,1,べ、別にいいです、そんなの！\n時間の無駄です！,这、这种多余的事就免了吧！纯粹是浪费时间！
adv_pstory_001_ttmr_after-audition-final-normal-01.txt,76,2,1,そうはいきません。良い成果を\n褒めるのは重要なことです。,这可由不得你。对优秀成果给予表扬是很重要的。
adv_pstory_001_ttmr_after-audition-final-normal-01.txt,80,2,1,その決まり文句を言えば、私が素直に\n言うことを聞くと思ってませんか？,你以为搬出这种固定台词，我就会乖乖听话吗？
adv_pstory_001_ttmr_after-audition-final-normal-01.txt,83,2,1,はぁ……こんな会話をしている\n時間こそが無駄ですね。,哈...现在这种对话才是真正的浪费时间。
adv_pstory_001_ttmr_after-audition-final-normal-01.txt,97,2,1,そのつもりです。これから私たちは、\n何度も何度も……,我当然明白。从今往后我们要不断地...
adv_pstory_001_ttmr_after-audition-final-normal-01.txt,102,2,1,成功を重ねて、\n上に行くんですから！,积累成功，攀上更高峰！
adv_pstory_001_ttmr_after-audition-final-normal-01.txt,106,2,1,というわけで、お祝いの時間は\n早々に切り上げましょう。,所以庆祝时间就到此为止吧。
adv_pstory_001_ttmr_after-audition-final-normal-01.txt,109,2,1,今日の映像を見せますので、\n本番のライブまでに修正を。,现在开始回放今天的录像，在正式演出前进行调整。
adv_pstory_001_ttmr_after-audition-final-normal-01.txt,121,2,1,あなたみたいなプロデューサー。\n他のアイドルには嫌われるだろうね。,像你这样的制作人...其他偶像肯定会讨厌的吧。
adv_pstory_001_ttmr_after-audition-final-normal-02.txt,66,2,1,口だけじゃないって、\n証明してみせる！,让你见识下我不仅是嘴上说说！
adv_pstory_001_ttmr_after-audition-final-normal-03.txt,31,2,1,この結果で喜んでちゃ\nダメじゃないですか？,这种成绩有什么值得高兴的？
adv_pstory_001_ttmr_after-audition-mid-normal-02.txt,64,2,1,へたくそな慰めの言葉を、\n口にしなくてすむように。,不用说出那些蹩脚的安慰话了。
adv_pstory_001_ttmr_after-audition-mid-normal-02.txt,103,2,1,じゃあ、どんなつもりだったって\n言うんです？,那你到底想表达什么？
adv_pstory_001_ttmr_after-audition-mid-normal-03.txt,32,2,1,月村さんは中等部では\nトップクラスのアイドルでした。,月村小姐在初中部时
adv_pstory_001_ttmr_after-audition-mid-normal-03.txt,35,2,1,しかし高等部ではそうではない。\n……ということでしょう。,但在高中部就不是这样了。
adv_pstory_001_ttmr_after-audition-mid-normal-03.txt,39,2,1,わかってはいたけど……\n簡単じゃないってことか。,虽然早就知道......果然没那么简单啊。
adv_pstory_001_ttmr_after-audition-mid-normal-03.txt,45,2,1,いいね。そのくらいじゃないと\n張り合いないよ。,这样才好。太轻松反而没意思。
adv_pstory_001_ttmr_after-audition-mid-normal-03.txt,63,2,1,は？　……私にとっては、\nこれでもできすぎってこと？,哈？......对我来说这成绩已经很好了？
adv_pstory_001_ttmr_after-audition-mid-normal-03.txt,65,2,1,いまの月村さんは、中等部時代よりも\n低い実力しか発揮できていない。,现在的月村小姐，实力表现还不如初中部时期。
adv_pstory_001_ttmr_after-audition-mid-normal-03.txt,66,2,1,高等部では通用しないと思っています。\nこのままでは。,我认为在高中部是无法立足的。
adv_pstory_001_ttmr_after-audition-mid-normal-03.txt,71,2,1,はっきり言うね。\n……腹が立つけど、私も同感。,真敢说啊。
adv_pstory_001_ttmr_after-audition-mid-normal-03.txt,82,2,1,いまのままで通用しないなら、\n成長するだけだから。,如果现在这样行不通，
adv_pstory_001_ttmr_after-audition-mid-normal-03.txt,96,2,1,私はトップアイドルを\n目指してるんだから。,我可是以顶级偶像为目标的人。
adv_pstory_001_ttmr_after-audition-mid-normal-03.txt,102,2,1,当然のように、1位を\n取り続けなくちゃならないんだ。,理所当然要持续拿下第一名才行。
adv_pstory_001_ttmr_after-audition-mid-normal-03.txt,106,2,1,……すごく悔しい。\n自分がまだまだって、思い知った。,......好不甘心。
adv_pstory_001_ttmr_after-audition-mid-normal-03.txt,111,2,1,もっと、もっと……\n頑張らなくちゃ……！,必须更加、更加......努力才行......！
adv_pstory_001_ttmr_after-step-1-normal-01.txt,59,2,1,適切でない日々が、優れた実力を\n陰らせていただけです。,是不健康的生活掩盖了你真正的实力。
adv_pstory_001_ttmr_before-audition-mid-normal-01.txt,43,2,1,……思い上がるな、油断するな。\nそう咎めますか？,……你是想说别骄傲自满，别大意吗？
adv_pstory_001_ttmr_ending-normal-02.txt,16,2,1,気に入ってくれたようで、\n安心しました。,看你喜欢我就放心了。
adv_pstory_001_ttmr_ending-normal-02.txt,66,2,1,大丈夫ですよ。あれだけレッスンを\nこなしているのですから。,没关系的。
adv_pstory_001_ttmr_ending-normal-05.txt,72,2,1,そこまで言われるとは\n思いませんでした。,就被说到这个份上。
adv_pstory_002_amao_after-audition-final-failure-01.txt,7,2,1,結果は不合格でした。\n……残念ですが。,很遗憾...结果是不合格。
adv_pstory_002_amao_after-audition-final-normal-01.txt,35,2,1,本当にいいパフォーマンスが\nできたときは――,当真正做出优秀表演的时候——
adv_pstory_002_cmmn_world-explanation.txt,43,2,1,きみならきっと\nそう言うだろうと思いました。,我就知道你会这么说。
adv_pstory_002_cmmn_world-explanation.txt,50,2,1,そうおっしゃいましたが、\n他にも参加資格が必要なのでしょうか？,除此之外还有其他参赛条件吗？
adv_pstory_002_cmmn_world-explanation.txt,87,2,1,その上位3名に入っていなければ\nいけないんです。,前三名才行。
adv_pstory_002_cmmn_world-explanation.txt,99,2,1,観客の心を動かすパフォーマンスを\n見せるのはもちろんアイドルですが。,虽然打动观众需要偶像的表演，
adv_pstory_002_cmmn_world-explanation.txt,115,2,1,プロデューサーの力量が勝敗を\n左右するんですね。,制作人的能力将决定胜负呢。
adv_pstory_002_fktn_after-audition-final-failure-01.txt,84,2,1,ホラ！　あたし、\n一生懸命慰めますから！,你看！我会拼命安慰你的！
adv_pstory_002_fktn_after-audition-final-normal-01.txt,39,2,1,……そろそろ『例のライブ』が\n近づいていますね。,"...快到""那个演唱会""的日子了呢。"
adv_pstory_002_fktn_before-audition-b-normal-01.txt,61,2,1,こうしてあなたと\n向かい合っていたら……,像这样和你面对面...
adv_pstory_002_fktn_before-audition-b-normal-01.txt,72,2,1,オーディションのたびに、\nこんなやり取りをしていたのかしら。,每次选拔赛前都会这样互动吧。
adv_pstory_002_hrnm_after-audition-a-normal-02.txt,64,2,1,あ……こちらこそ、\nありがとうございました！,啊......我才要感谢你！
adv_pstory_002_hrnm_after-audition-b-normal-02.txt,26,2,1,だんだんステージ慣れ\nしてきましたね。,你渐渐适应舞台了呢。
adv_pstory_002_hski_after-audition-a-normal-02.txt,55,2,1,とんでもない。常に安定した力を\n発揮することができるのは……,完全没这回事。能始终保持稳定发挥...
adv_pstory_002_hski_after-audition-final-failure-01.txt,12,2,1,人生の中で、絶対に負けちゃいけない\n勝負ってあるわよね。,人这一生啊，有些对决是绝对不能输的。
adv_pstory_002_hski_after-audition-mid-failure-01.txt,35,2,1,悔しがるタイミングを\nのがしちゃったじゃない！,害我都错过懊悔的最佳时机了！
adv_pstory_002_hski_after-audition-mid-failure-01.txt,42,2,1,おかげで時間が節約できた。\nそう思うことにする。,就当是节省了时间吧。
adv_pstory_002_hume_after-audition-final-normal-01.txt,50,2,1,思いっきり\n悔しがることができたんです。,毫无保留地...
adv_pstory_002_hume_after-audition-final-normal-01.txt,70,2,1,……佑芽さんには、いつも大切なことを\n教えられますね。それなら……,......佑芽小姐总能教会我重要的道理呢。那么...
adv_pstory_002_jsna_after-audition-a-normal-02.txt,12,2,1,本当に一切の容赦が\nありませんでしたね……,真是完全没有手下留情呢......
adv_pstory_002_jsna_after-audition-b-normal-03.txt,51,2,1,そろそろ、見つけられるのでは\nありませんか？,差不多该发现了吧？
adv_pstory_002_kcna_after-audition-b-normal-02.txt,60,2,1,……そこまで喜ばれるとは\n思いませんでした。,......没想到你会这么高兴。
adv_pstory_002_kcna_after-audition-b-normal-03.txt,68,2,1,次はさらに難しいオーディションを\n受けましょう。,下次去参加更难的选拔吧。
adv_pstory_002_kllj_after-audition-a-normal-03.txt,43,2,1,わたしより可愛い女の子が、\nいっぱいいたのに……。,明明有那么多比我可爱的女孩子...
adv_pstory_002_kllj_after-audition-b-normal-02.txt,49,2,1,……葛城さん。\n合格、おめでとうございます。,......葛城小姐。
adv_startup_2024_user-bd-01_jsna-01.txt,19,2,1,あなたがアイドルのことを\nよく調べているように――,就像你经常调查偶像的事情那样——
adv_startup_2024_user-bd-01_jsna-01.txt,26,2,1,私だって、興味がある相手のことは\nよく調べているのよ。先輩。,我也会仔细调查感兴趣的对象哦。前辈。
adv_tutorial_first_cmmn-06.txt,8,3,2,はじめてのプロデュース、\nお疲れさまでした！\n今回の結果がでましたよ。,第一次偶像培育辛苦了！\n这次的结果出来了哦。
