id,name,text,trans
0000000000000,{user},葛城さん、\n今日の朝食はなんでしたか？,葛城同学\n今天的早餐吃了什么？
0000000000000,リーリヤ,……朝食、ですか？,……早餐吗？
0000000000000,{user},ええ、ある生徒たちの食事事情を\n聞いて、心配になりまして……,嗯，听说有些学员的饮食状况\n让我有点担心……
select,,一般的な\n食事ですか？,是普通的\n餐食吗？
select,,お手軽な物\nでしょうか？,还是比较简单的\n那种？
select,,スムージーでは\nないですよね？,该不会是\n代餐饮品吧？
0000000000000,リーリヤ,……日本での一般的、というのが\nあまりわからないんですが……,……我不太清楚在日本\n什么样的才算普通……
0000000000000,リーリヤ,お魚と、ご飯にお味噌汁の、\n普通の和食です……よね？,鱼、米饭和味增汤\n这样传统的和食……对吧？
0000000000000,{user},一般的な和食ですね。\n安心しました。,是很标准的和式早餐呢\n这下我放心了
0000000000000,リーリヤ,……あの、センパイが心配に\nなるような食事事情って……？,……那个，让前辈担心的\n饮食状况究竟是……？
0000000000000,リーリヤ,……そう、ですね。\n今朝は、トーストでした。,……这样啊\n今早吃的是吐司面包
0000000000000,リーリヤ,美味しいジャムを見つけて……\nセンパイにも、教えますね。,发现了好吃的果酱……\n下次也告诉前辈吧
0000000000000,{user},楽しみにしていますね。,我很期待呢
0000000000000,リーリヤ,ところで……その人達、\nいったいどんな食事を……？,话说回来……那些人\n到底吃了什么……？
0000000000000,リーリヤ,その……今朝は時間がなくて、\nプロテインだけで済ませてしまって……,那个……今早赶时间\n只用蛋白粉应付过去了……
0000000000000,{user},なるほど。……反省しているよう\nなので、これ以上は何も言いません。,原来如此……看你在反省\n我就不多说什么了
0000000000000,リーリヤ,……明日はちゃんと、食べてきます。,……明天我会好好吃饭的
info,adv_pevent_001_kllj_activity_004.txt,,
译者,Pro/deepseek-ai/DeepSeek-V3,,
